linux_git_commit,linux_git_tag,file,function,path_id,error_line,candidate_type,severity,condition,exit_type,target_label,error_source_expr,held_resources,cleanup_calls,missing_cleanup_candidates,final_return_expr,evidence,reason
8cd9520d35a6c38db6567e97dd93b1f11f185dc6,v7.1,fs/btrfs/block-group.c,btrfs_remove_block_group,btrfs_remove_block_group#001,1121,missing_cleanup,P3,unlikely(!block_group),return,,unknown,"[{""var"": ""block_group"", ""acquire_func"": ""btrfs_lookup_block_group"", ""resource_type"": ""btrfs_block_group_ref"", ""release_functions"": [""btrfs_put_block_group""], ""acquire_line"": 1120, ""out_resource_arg"": null, ""release_arg_index"": 0, ""release_arg_requires_address"": false, ""release_suggestion_template"": """", ""scope_cleanup_function"": """", ""scope_cleanup_decl_line"": null}]","[""btrfs_abort_transaction(trans, -ENOENT)""]","[""btrfs_put_block_group(block_group)""]",-ENOENT,"{""acquired_resources"": [{""var"": ""block_group"", ""acquire_func"": ""btrfs_lookup_block_group"", ""resource_type"": ""btrfs_block_group_ref"", ""release_functions"": [""btrfs_put_block_group""], ""acquire_line"": 1120, ""out_resource_arg"": null, ""release_arg_index"": 0, ""release_arg_requires_address"": false, ""release_suggestion_template"": """", ""scope_cleanup_function"": """", ""scope_cleanup_decl_line"": null}], ""missing_releases"": [""btrfs_put_block_group(block_group)""], ""cleanup_calls"": [""btrfs_abort_transaction(trans, -ENOENT)""], ""final_return_expr"": ""-ENOENT""}",error path exits while resource acquired before error path has no matching release in cleanup.
8cd9520d35a6c38db6567e97dd93b1f11f185dc6,v7.1,fs/btrfs/dev-replace.c,btrfs_init_dev_replace,btrfs_init_dev_replace#003,95,error_swallowed,P1,ret,return,,"btrfs_search_slot(NULL, dev_root, &key, path, 0, 0)","[{""var"": ""path"", ""acquire_func"": ""btrfs_alloc_path"", ""resource_type"": ""btrfs_path"", ""release_functions"": [""btrfs_free_path""], ""acquire_line"": 87, ""out_resource_arg"": null, ""release_arg_index"": 0, ""release_arg_requires_address"": false, ""release_suggestion_template"": """", ""scope_cleanup_function"": ""btrfs_free_path"", ""scope_cleanup_decl_line"": 79}]","[""unlikely(btrfs_find_device(fs_info->fs_devices, &args))"", ""btrfs_err(fs_info, \""found replace target device without a valid replace item\"")"", ""atomic64_set(&dev_replace->num_write_errors, 0)"", ""atomic64_set(&dev_replace->num_uncorrectable_read_errors, 0)""]",[],0,"{""acquired_resources"": [{""var"": ""path"", ""acquire_func"": ""btrfs_alloc_path"", ""resource_type"": ""btrfs_path"", ""release_functions"": [""btrfs_free_path""], ""acquire_line"": 87, ""out_resource_arg"": null, ""release_arg_index"": 0, ""release_arg_requires_address"": false, ""release_suggestion_template"": """", ""scope_cleanup_function"": ""btrfs_free_path"", ""scope_cleanup_decl_line"": 79}], ""missing_releases"": [], ""cleanup_calls"": [""unlikely(btrfs_find_device(fs_info->fs_devices, &args))"", ""btrfs_err(fs_info, \""found replace target device without a valid replace item\"")"", ""atomic64_set(&dev_replace->num_write_errors, 0)"", ""atomic64_set(&dev_replace->num_uncorrectable_read_errors, 0)""], ""final_return_expr"": ""0""}",error-like condition is followed by successful return expression.
8cd9520d35a6c38db6567e97dd93b1f11f185dc6,v7.1,fs/btrfs/extent-tree.c,unpin_extent_range,unpin_extent_range#001,2850,missing_cleanup,P3,unlikely(cache == NULL),return,,unknown,"[{""var"": ""cache"", ""acquire_func"": ""btrfs_lookup_block_group"", ""resource_type"": ""btrfs_block_group_ref"", ""release_functions"": [""btrfs_put_block_group""], ""acquire_line"": 2849, ""out_resource_arg"": null, ""release_arg_index"": 0, ""release_arg_requires_address"": false, ""release_suggestion_template"": """", ""scope_cleanup_function"": """", ""scope_cleanup_decl_line"": null}]",[],"[""btrfs_put_block_group(cache)""]",-EUCLEAN,"{""acquired_resources"": [{""var"": ""cache"", ""acquire_func"": ""btrfs_lookup_block_group"", ""resource_type"": ""btrfs_block_group_ref"", ""release_functions"": [""btrfs_put_block_group""], ""acquire_line"": 2849, ""out_resource_arg"": null, ""release_arg_index"": 0, ""release_arg_requires_address"": false, ""release_suggestion_template"": """", ""scope_cleanup_function"": """", ""scope_cleanup_decl_line"": null}], ""missing_releases"": [""btrfs_put_block_group(cache)""], ""cleanup_calls"": [], ""final_return_expr"": ""-EUCLEAN""}",error path exits while resource acquired before error path has no matching release in cleanup.
8cd9520d35a6c38db6567e97dd93b1f11f185dc6,v7.1,fs/btrfs/extent-tree.c,btrfs_free_tree_block,btrfs_free_tree_block#004,3659,error_swallowed,P1,!ret,return,,"check_ref_cleanup(trans, buf->start)",[],[],[],0,"{""acquired_resources"": [], ""missing_releases"": [], ""cleanup_calls"": [], ""final_return_expr"": ""0""}",error-like condition is followed by successful return expression.
8cd9520d35a6c38db6567e97dd93b1f11f185dc6,v7.1,fs/btrfs/extent-tree.c,do_walk_down,do_walk_down#006,5969,missing_cleanup,P3,ret,return,,"check_next_block_uptodate(trans, root, path, wc, next)","[{""var"": ""next"", ""acquire_func"": ""btrfs_tree_lock"", ""resource_type"": ""btrfs_tree_lock"", ""release_functions"": [""btrfs_tree_unlock""], ""acquire_line"": 5936, ""out_resource_arg"": null, ""release_arg_index"": 0, ""release_arg_requires_address"": false, ""release_suggestion_template"": """", ""scope_cleanup_function"": """", ""scope_cleanup_decl_line"": null}]",[],"[""btrfs_tree_unlock(next)""]",ret,"{""acquired_resources"": [{""var"": ""next"", ""acquire_func"": ""btrfs_tree_lock"", ""resource_type"": ""btrfs_tree_lock"", ""release_functions"": [""btrfs_tree_unlock""], ""acquire_line"": 5936, ""out_resource_arg"": null, ""release_arg_index"": 0, ""release_arg_requires_address"": false, ""release_suggestion_template"": """", ""scope_cleanup_function"": """", ""scope_cleanup_decl_line"": null}], ""missing_releases"": [""btrfs_tree_unlock(next)""], ""cleanup_calls"": [], ""final_return_expr"": ""ret""}",error path exits while resource acquired before error path has no matching release in cleanup.
8cd9520d35a6c38db6567e97dd93b1f11f185dc6,v7.1,fs/btrfs/extent_io.c,extent_writepage,extent_writepage#004,1890,error_swallowed,P1,ret == 1,return,,"writepage_delalloc(inode, folio, bio_ctrl)",[],[],[],0,"{""acquired_resources"": [], ""missing_releases"": [], ""cleanup_calls"": [], ""final_return_expr"": ""0""}",error-like condition is followed by successful return expression.
8cd9520d35a6c38db6567e97dd93b1f11f185dc6,v7.1,fs/btrfs/extent_io.c,extent_writepage,extent_writepage#006,1897,error_swallowed,P1,ret == 1,return,,folio_pos(folio),[],[],[],0,"{""acquired_resources"": [], ""missing_releases"": [], ""cleanup_calls"": [], ""final_return_expr"": ""0""}",error-like condition is followed by successful return expression.
8cd9520d35a6c38db6567e97dd93b1f11f185dc6,v7.1,fs/btrfs/extent_io.c,alloc_dummy_extent_buffer,alloc_dummy_extent_buffer#002,3142,error_swallowed,P2,ret,goto,release_eb,"alloc_eb_folio_array(eb, false)",[],"[""btrfs_release_extent_buffer(eb)""]",[],NULL,"{""acquired_resources"": [], ""missing_releases"": [], ""cleanup_calls"": [""btrfs_release_extent_buffer(eb)""], ""final_return_expr"": ""NULL""}",error-like condition is followed by successful return expression.
8cd9520d35a6c38db6567e97dd93b1f11f185dc6,v7.1,fs/btrfs/extent_io.c,alloc_dummy_extent_buffer,alloc_dummy_extent_buffer#003,3147,error_swallowed,P2,ret < 0,goto,cleanup_folios,"attach_extent_buffer_folio(eb, eb->folios[i], NULL)",[],"[""cleanup_extent_buffer_folios(eb)"", ""btrfs_release_extent_buffer(eb)""]",[],NULL,"{""acquired_resources"": [], ""missing_releases"": [], ""cleanup_calls"": [""cleanup_extent_buffer_folios(eb)"", ""btrfs_release_extent_buffer(eb)""], ""final_return_expr"": ""NULL""}",error-like condition is followed by successful return expression.
8cd9520d35a6c38db6567e97dd93b1f11f185dc6,v7.1,fs/btrfs/free-space-tree.c,btrfs_remove_from_free_space_tree,btrfs_remove_from_free_space_tree#003,856,missing_cleanup,P3,unlikely(!block_group),return,,unknown,"[{""var"": ""path"", ""acquire_func"": ""btrfs_alloc_path"", ""resource_type"": ""btrfs_path"", ""release_functions"": [""btrfs_free_path""], ""acquire_line"": 848, ""out_resource_arg"": null, ""release_arg_index"": 0, ""release_arg_requires_address"": false, ""release_suggestion_template"": """", ""scope_cleanup_function"": ""btrfs_free_path"", ""scope_cleanup_decl_line"": 842}, {""var"": ""block_group"", ""acquire_func"": ""btrfs_lookup_block_group"", ""resource_type"": ""btrfs_block_group_ref"", ""release_functions"": [""btrfs_put_block_group""], ""acquire_line"": 855, ""out_resource_arg"": null, ""release_arg_index"": 0, ""release_arg_requires_address"": false, ""release_suggestion_template"": """", ""scope_cleanup_function"": """", ""scope_cleanup_decl_line"": null}]","[""DEBUG_WARN(\""no block group found for start=%llu\"", start)"", ""btrfs_abort_transaction(trans, ret)""]","[""btrfs_put_block_group(block_group)""]",ret,"{""acquired_resources"": [{""var"": ""path"", ""acquire_func"": ""btrfs_alloc_path"", ""resource_type"": ""btrfs_path"", ""release_functions"": [""btrfs_free_path""], ""acquire_line"": 848, ""out_resource_arg"": null, ""release_arg_index"": 0, ""release_arg_requires_address"": false, ""release_suggestion_template"": """", ""scope_cleanup_function"": ""btrfs_free_path"", ""scope_cleanup_decl_line"": 842}, {""var"": ""block_group"", ""acquire_func"": ""btrfs_lookup_block_group"", ""resource_type"": ""btrfs_block_group_ref"", ""release_functions"": [""btrfs_put_block_group""], ""acquire_line"": 855, ""out_resource_arg"": null, ""release_arg_index"": 0, ""release_arg_requires_address"": false, ""release_suggestion_template"": """", ""scope_cleanup_function"": """", ""scope_cleanup_decl_line"": null}], ""missing_releases"": [""btrfs_put_block_group(block_group)""], ""cleanup_calls"": [""DEBUG_WARN(\""no block group found for start=%llu\"", start)"", ""btrfs_abort_transaction(trans, ret)""], ""final_return_expr"": ""ret""}",error path exits while resource acquired before error path has no matching release in cleanup.
8cd9520d35a6c38db6567e97dd93b1f11f185dc6,v7.1,fs/btrfs/free-space-tree.c,btrfs_add_to_free_space_tree,btrfs_add_to_free_space_tree#003,1037,missing_cleanup,P3,unlikely(!block_group),return,,unknown,"[{""var"": ""path"", ""acquire_func"": ""btrfs_alloc_path"", ""resource_type"": ""btrfs_path"", ""release_functions"": [""btrfs_free_path""], ""acquire_line"": 1029, ""out_resource_arg"": null, ""release_arg_index"": 0, ""release_arg_requires_address"": false, ""release_suggestion_template"": """", ""scope_cleanup_function"": ""btrfs_free_path"", ""scope_cleanup_decl_line"": 1023}, {""var"": ""block_group"", ""acquire_func"": ""btrfs_lookup_block_group"", ""resource_type"": ""btrfs_block_group_ref"", ""release_functions"": [""btrfs_put_block_group""], ""acquire_line"": 1036, ""out_resource_arg"": null, ""release_arg_index"": 0, ""release_arg_requires_address"": false, ""release_suggestion_template"": """", ""scope_cleanup_function"": """", ""scope_cleanup_decl_line"": null}]","[""DEBUG_WARN(\""no block group found for start=%llu\"", start)"", ""btrfs_abort_transaction(trans, ret)""]","[""btrfs_put_block_group(block_group)""]",ret,"{""acquired_resources"": [{""var"": ""path"", ""acquire_func"": ""btrfs_alloc_path"", ""resource_type"": ""btrfs_path"", ""release_functions"": [""btrfs_free_path""], ""acquire_line"": 1029, ""out_resource_arg"": null, ""release_arg_index"": 0, ""release_arg_requires_address"": false, ""release_suggestion_template"": """", ""scope_cleanup_function"": ""btrfs_free_path"", ""scope_cleanup_decl_line"": 1023}, {""var"": ""block_group"", ""acquire_func"": ""btrfs_lookup_block_group"", ""resource_type"": ""btrfs_block_group_ref"", ""release_functions"": [""btrfs_put_block_group""], ""acquire_line"": 1036, ""out_resource_arg"": null, ""release_arg_index"": 0, ""release_arg_requires_address"": false, ""release_suggestion_template"": """", ""scope_cleanup_function"": """", ""scope_cleanup_decl_line"": null}], ""missing_releases"": [""btrfs_put_block_group(block_group)""], ""cleanup_calls"": [""DEBUG_WARN(\""no block group found for start=%llu\"", start)"", ""btrfs_abort_transaction(trans, ret)""], ""final_return_expr"": ""ret""}",error path exits while resource acquired before error path has no matching release in cleanup.
8cd9520d35a6c38db6567e97dd93b1f11f185dc6,v7.1,fs/btrfs/free-space-tree.c,__add_block_group_free_space,__add_block_group_free_space#002,1429,missing_cleanup,P3,unlikely(!path),return,,unknown,"[{""var"": ""path"", ""acquire_func"": ""btrfs_alloc_path"", ""resource_type"": ""btrfs_path"", ""release_functions"": [""btrfs_free_path""], ""acquire_line"": 1428, ""out_resource_arg"": null, ""release_arg_index"": 0, ""release_arg_requires_address"": false, ""release_suggestion_template"": """", ""scope_cleanup_function"": """", ""scope_cleanup_decl_line"": null}]","[""btrfs_abort_transaction(trans, -ENOMEM)""]","[""btrfs_free_path(path)""]",-ENOMEM,"{""acquired_resources"": [{""var"": ""path"", ""acquire_func"": ""btrfs_alloc_path"", ""resource_type"": ""btrfs_path"", ""release_functions"": [""btrfs_free_path""], ""acquire_line"": 1428, ""out_resource_arg"": null, ""release_arg_index"": 0, ""release_arg_requires_address"": false, ""release_suggestion_template"": """", ""scope_cleanup_function"": """", ""scope_cleanup_decl_line"": null}], ""missing_releases"": [""btrfs_free_path(path)""], ""cleanup_calls"": [""btrfs_abort_transaction(trans, -ENOMEM)""], ""final_return_expr"": ""-ENOMEM""}",error path exits while resource acquired before error path has no matching release in cleanup.
8cd9520d35a6c38db6567e97dd93b1f11f185dc6,v7.1,fs/btrfs/inode.c,can_nocow_extent,can_nocow_extent#007,7495,error_swallowed,P1,ret != 1,return,,"can_nocow_file_extent(path, &key, inode, &nocow_args)","[{""var"": ""path"", ""acquire_func"": ""btrfs_alloc_path"", ""resource_type"": ""btrfs_path"", ""release_functions"": [""btrfs_free_path""], ""acquire_line"": 7450, ""out_resource_arg"": null, ""release_arg_index"": 0, ""release_arg_requires_address"": false, ""release_suggestion_template"": """", ""scope_cleanup_function"": ""btrfs_free_path"", ""scope_cleanup_decl_line"": 7442}]",[],[],0,"{""acquired_resources"": [{""var"": ""path"", ""acquire_func"": ""btrfs_alloc_path"", ""resource_type"": ""btrfs_path"", ""release_functions"": [""btrfs_free_path""], ""acquire_line"": 7450, ""out_resource_arg"": null, ""release_arg_index"": 0, ""release_arg_requires_address"": false, ""release_suggestion_template"": """", ""scope_cleanup_function"": ""btrfs_free_path"", ""scope_cleanup_decl_line"": 7442}], ""missing_releases"": [], ""cleanup_calls"": [], ""final_return_expr"": ""0""}",error-like condition is followed by successful return expression.
8cd9520d35a6c38db6567e97dd93b1f11f185dc6,v7.1,fs/btrfs/inode.c,btrfs_symlink,btrfs_symlink#006,9087,partial_cleanup,P2,unlikely(!path),goto,out,unknown,"[{""var"": ""trans"", ""acquire_func"": ""btrfs_start_transaction"", ""resource_type"": ""btrfs_transaction"", ""release_functions"": [""btrfs_end_transaction"", ""btrfs_commit_transaction""], ""acquire_line"": 9076, ""out_resource_arg"": null, ""release_arg_index"": 0, ""release_arg_requires_address"": false, ""release_suggestion_template"": """", ""scope_cleanup_function"": """", ""scope_cleanup_decl_line"": null}, {""var"": ""path"", ""acquire_func"": ""btrfs_alloc_path"", ""resource_type"": ""btrfs_path"", ""release_functions"": [""btrfs_free_path""], ""acquire_line"": 9086, ""out_resource_arg"": null, ""release_arg_index"": 0, ""release_arg_requires_address"": false, ""release_suggestion_template"": """", ""scope_cleanup_function"": """", ""scope_cleanup_decl_line"": null}]","[""btrfs_abort_transaction(trans, ret)"", ""discard_new_inode(inode)"", ""btrfs_end_transaction(trans)"", ""btrfs_btree_balance_dirty(fs_info)"", ""btrfs_new_inode_args_destroy(&new_inode_args)"", ""iput(inode)""]","[""btrfs_free_path(path)""]",ret,"{""acquired_resources"": [{""var"": ""trans"", ""acquire_func"": ""btrfs_start_transaction"", ""resource_type"": ""btrfs_transaction"", ""release_functions"": [""btrfs_end_transaction"", ""btrfs_commit_transaction""], ""acquire_line"": 9076, ""out_resource_arg"": null, ""release_arg_index"": 0, ""release_arg_requires_address"": false, ""release_suggestion_template"": """", ""scope_cleanup_function"": """", ""scope_cleanup_decl_line"": null}, {""var"": ""path"", ""acquire_func"": ""btrfs_alloc_path"", ""resource_type"": ""btrfs_path"", ""release_functions"": [""btrfs_free_path""], ""acquire_line"": 9086, ""out_resource_arg"": null, ""release_arg_index"": 0, ""release_arg_requires_address"": false, ""release_suggestion_template"": """", ""scope_cleanup_function"": """", ""scope_cleanup_decl_line"": null}], ""missing_releases"": [""btrfs_free_path(path)""], ""cleanup_calls"": [""btrfs_abort_transaction(trans, ret)"", ""discard_new_inode(inode)"", ""btrfs_end_transaction(trans)"", ""btrfs_btree_balance_dirty(fs_info)"", ""btrfs_new_inode_args_destroy(&new_inode_args)"", ""iput(inode)""], ""final_return_expr"": ""ret""}",cleanup label releases some resources but not all resources acquired before the error path.
8cd9520d35a6c38db6567e97dd93b1f11f185dc6,v7.1,fs/btrfs/inode.c,btrfs_symlink,btrfs_symlink#006,9087,missing_cleanup,P3,unlikely(!path),goto,out,unknown,"[{""var"": ""trans"", ""acquire_func"": ""btrfs_start_transaction"", ""resource_type"": ""btrfs_transaction"", ""release_functions"": [""btrfs_end_transaction"", ""btrfs_commit_transaction""], ""acquire_line"": 9076, ""out_resource_arg"": null, ""release_arg_index"": 0, ""release_arg_requires_address"": false, ""release_suggestion_template"": """", ""scope_cleanup_function"": """", ""scope_cleanup_decl_line"": null}, {""var"": ""path"", ""acquire_func"": ""btrfs_alloc_path"", ""resource_type"": ""btrfs_path"", ""release_functions"": [""btrfs_free_path""], ""acquire_line"": 9086, ""out_resource_arg"": null, ""release_arg_index"": 0, ""release_arg_requires_address"": false, ""release_suggestion_template"": """", ""scope_cleanup_function"": """", ""scope_cleanup_decl_line"": null}]","[""btrfs_abort_transaction(trans, ret)"", ""discard_new_inode(inode)"", ""btrfs_end_transaction(trans)"", ""btrfs_btree_balance_dirty(fs_info)"", ""btrfs_new_inode_args_destroy(&new_inode_args)"", ""iput(inode)""]","[""btrfs_free_path(path)""]",ret,"{""acquired_resources"": [{""var"": ""trans"", ""acquire_func"": ""btrfs_start_transaction"", ""resource_type"": ""btrfs_transaction"", ""release_functions"": [""btrfs_end_transaction"", ""btrfs_commit_transaction""], ""acquire_line"": 9076, ""out_resource_arg"": null, ""release_arg_index"": 0, ""release_arg_requires_address"": false, ""release_suggestion_template"": """", ""scope_cleanup_function"": """", ""scope_cleanup_decl_line"": null}, {""var"": ""path"", ""acquire_func"": ""btrfs_alloc_path"", ""resource_type"": ""btrfs_path"", ""release_functions"": [""btrfs_free_path""], ""acquire_line"": 9086, ""out_resource_arg"": null, ""release_arg_index"": 0, ""release_arg_requires_address"": false, ""release_suggestion_template"": """", ""scope_cleanup_function"": """", ""scope_cleanup_decl_line"": null}], ""missing_releases"": [""btrfs_free_path(path)""], ""cleanup_calls"": [""btrfs_abort_transaction(trans, ret)"", ""discard_new_inode(inode)"", ""btrfs_end_transaction(trans)"", ""btrfs_btree_balance_dirty(fs_info)"", ""btrfs_new_inode_args_destroy(&new_inode_args)"", ""iput(inode)""], ""final_return_expr"": ""ret""}",error path exits while resource acquired before error path has no matching release in cleanup.
8cd9520d35a6c38db6567e97dd93b1f11f185dc6,v7.1,fs/btrfs/ioctl.c,btrfs_ioctl_space_info,btrfs_ioctl_space_info#005,2956,missing_cleanup,P2,"copy_to_user(user_dest, dest_orig, space_args.total_spaces * sizeof(*dest_orig))",return,,unknown,"[{""var"": ""dest"", ""acquire_func"": ""kzalloc"", ""resource_type"": ""memory"", ""release_functions"": [""kfree""], ""acquire_line"": 2900, ""out_resource_arg"": null, ""release_arg_index"": 0, ""release_arg_requires_address"": false, ""release_suggestion_template"": """", ""scope_cleanup_function"": """", ""scope_cleanup_decl_line"": null}]",[],"[""kfree(dest)""]",-EFAULT,"{""acquired_resources"": [{""var"": ""dest"", ""acquire_func"": ""kzalloc"", ""resource_type"": ""memory"", ""release_functions"": [""kfree""], ""acquire_line"": 2900, ""out_resource_arg"": null, ""release_arg_index"": 0, ""release_arg_requires_address"": false, ""release_suggestion_template"": """", ""scope_cleanup_function"": """", ""scope_cleanup_decl_line"": null}], ""missing_releases"": [""kfree(dest)""], ""cleanup_calls"": [], ""final_return_expr"": ""-EFAULT""}",error path exits while resource acquired before error path has no matching release in cleanup.
8cd9520d35a6c38db6567e97dd93b1f11f185dc6,v7.1,fs/btrfs/qgroup.c,btrfs_quota_enable,btrfs_quota_enable#007,1084,partial_cleanup,P2,unlikely(!path),goto,out_free_root,unknown,"[{""var"": ""trans"", ""acquire_func"": ""btrfs_start_transaction"", ""resource_type"": ""btrfs_transaction"", ""release_functions"": [""btrfs_end_transaction"", ""btrfs_commit_transaction""], ""acquire_line"": 1061, ""out_resource_arg"": null, ""release_arg_index"": 0, ""release_arg_requires_address"": false, ""release_suggestion_template"": """", ""scope_cleanup_function"": """", ""scope_cleanup_decl_line"": null}, {""var"": ""&fs_info->qgroup_ioctl_lock"", ""acquire_func"": ""mutex_lock"", ""resource_type"": ""mutex"", ""release_functions"": [""mutex_unlock""], ""acquire_line"": 1063, ""out_resource_arg"": null, ""release_arg_index"": 0, ""release_arg_requires_address"": false, ""release_suggestion_template"": """", ""scope_cleanup_function"": """", ""scope_cleanup_decl_line"": null}, {""var"": ""path"", ""acquire_func"": ""btrfs_alloc_path"", ""resource_type"": ""btrfs_path"", ""release_functions"": [""btrfs_free_path""], ""acquire_line"": 1083, ""out_resource_arg"": null, ""release_arg_index"": 0, ""release_arg_requires_address"": false, ""release_suggestion_template"": """", ""scope_cleanup_function"": """", ""scope_cleanup_decl_line"": null}]","[""btrfs_abort_transaction(trans, ret)"", ""btrfs_put_root(quota_root)"", ""btrfs_sysfs_del_qgroups(fs_info)"", ""mutex_unlock(&fs_info->qgroup_ioctl_lock)"", ""btrfs_end_transaction(trans)"", ""btrfs_end_transaction(trans)"", ""kfree(prealloc)""]","[""btrfs_free_path(path)""]",ret,"{""acquired_resources"": [{""var"": ""trans"", ""acquire_func"": ""btrfs_start_transaction"", ""resource_type"": ""btrfs_transaction"", ""release_functions"": [""btrfs_end_transaction"", ""btrfs_commit_transaction""], ""acquire_line"": 1061, ""out_resource_arg"": null, ""release_arg_index"": 0, ""release_arg_requires_address"": false, ""release_suggestion_template"": """", ""scope_cleanup_function"": """", ""scope_cleanup_decl_line"": null}, {""var"": ""&fs_info->qgroup_ioctl_lock"", ""acquire_func"": ""mutex_lock"", ""resource_type"": ""mutex"", ""release_functions"": [""mutex_unlock""], ""acquire_line"": 1063, ""out_resource_arg"": null, ""release_arg_index"": 0, ""release_arg_requires_address"": false, ""release_suggestion_template"": """", ""scope_cleanup_function"": """", ""scope_cleanup_decl_line"": null}, {""var"": ""path"", ""acquire_func"": ""btrfs_alloc_path"", ""resource_type"": ""btrfs_path"", ""release_functions"": [""btrfs_free_path""], ""acquire_line"": 1083, ""out_resource_arg"": null, ""release_arg_index"": 0, ""release_arg_requires_address"": false, ""release_suggestion_template"": """", ""scope_cleanup_function"": """", ""scope_cleanup_decl_line"": null}], ""missing_releases"": [""btrfs_free_path(path)""], ""cleanup_calls"": [""btrfs_abort_transaction(trans, ret)"", ""btrfs_put_root(quota_root)"", ""btrfs_sysfs_del_qgroups(fs_info)"", ""mutex_unlock(&fs_info->qgroup_ioctl_lock)"", ""btrfs_end_transaction(trans)"", ""btrfs_end_transaction(trans)"", ""kfree(prealloc)""], ""final_return_expr"": ""ret""}",cleanup label releases some resources but not all resources acquired before the error path.
8cd9520d35a6c38db6567e97dd93b1f11f185dc6,v7.1,fs/btrfs/qgroup.c,btrfs_quota_enable,btrfs_quota_enable#007,1084,missing_cleanup,P3,unlikely(!path),goto,out_free_root,unknown,"[{""var"": ""trans"", ""acquire_func"": ""btrfs_start_transaction"", ""resource_type"": ""btrfs_transaction"", ""release_functions"": [""btrfs_end_transaction"", ""btrfs_commit_transaction""], ""acquire_line"": 1061, ""out_resource_arg"": null, ""release_arg_index"": 0, ""release_arg_requires_address"": false, ""release_suggestion_template"": """", ""scope_cleanup_function"": """", ""scope_cleanup_decl_line"": null}, {""var"": ""&fs_info->qgroup_ioctl_lock"", ""acquire_func"": ""mutex_lock"", ""resource_type"": ""mutex"", ""release_functions"": [""mutex_unlock""], ""acquire_line"": 1063, ""out_resource_arg"": null, ""release_arg_index"": 0, ""release_arg_requires_address"": false, ""release_suggestion_template"": """", ""scope_cleanup_function"": """", ""scope_cleanup_decl_line"": null}, {""var"": ""path"", ""acquire_func"": ""btrfs_alloc_path"", ""resource_type"": ""btrfs_path"", ""release_functions"": [""btrfs_free_path""], ""acquire_line"": 1083, ""out_resource_arg"": null, ""release_arg_index"": 0, ""release_arg_requires_address"": false, ""release_suggestion_template"": """", ""scope_cleanup_function"": """", ""scope_cleanup_decl_line"": null}]","[""btrfs_abort_transaction(trans, ret)"", ""btrfs_put_root(quota_root)"", ""btrfs_sysfs_del_qgroups(fs_info)"", ""mutex_unlock(&fs_info->qgroup_ioctl_lock)"", ""btrfs_end_transaction(trans)"", ""btrfs_end_transaction(trans)"", ""kfree(prealloc)""]","[""btrfs_free_path(path)""]",ret,"{""acquired_resources"": [{""var"": ""trans"", ""acquire_func"": ""btrfs_start_transaction"", ""resource_type"": ""btrfs_transaction"", ""release_functions"": [""btrfs_end_transaction"", ""btrfs_commit_transaction""], ""acquire_line"": 1061, ""out_resource_arg"": null, ""release_arg_index"": 0, ""release_arg_requires_address"": false, ""release_suggestion_template"": """", ""scope_cleanup_function"": """", ""scope_cleanup_decl_line"": null}, {""var"": ""&fs_info->qgroup_ioctl_lock"", ""acquire_func"": ""mutex_lock"", ""resource_type"": ""mutex"", ""release_functions"": [""mutex_unlock""], ""acquire_line"": 1063, ""out_resource_arg"": null, ""release_arg_index"": 0, ""release_arg_requires_address"": false, ""release_suggestion_template"": """", ""scope_cleanup_function"": """", ""scope_cleanup_decl_line"": null}, {""var"": ""path"", ""acquire_func"": ""btrfs_alloc_path"", ""resource_type"": ""btrfs_path"", ""release_functions"": [""btrfs_free_path""], ""acquire_line"": 1083, ""out_resource_arg"": null, ""release_arg_index"": 0, ""release_arg_requires_address"": false, ""release_suggestion_template"": """", ""scope_cleanup_function"": """", ""scope_cleanup_decl_line"": null}], ""missing_releases"": [""btrfs_free_path(path)""], ""cleanup_calls"": [""btrfs_abort_transaction(trans, ret)"", ""btrfs_put_root(quota_root)"", ""btrfs_sysfs_del_qgroups(fs_info)"", ""mutex_unlock(&fs_info->qgroup_ioctl_lock)"", ""btrfs_end_transaction(trans)"", ""btrfs_end_transaction(trans)"", ""kfree(prealloc)""], ""final_return_expr"": ""ret""}",error path exits while resource acquired before error path has no matching release in cleanup.
8cd9520d35a6c38db6567e97dd93b1f11f185dc6,v7.1,fs/btrfs/qgroup.c,btrfs_qgroup_trace_extent,btrfs_qgroup_trace_extent#004,2184,error_swallowed,P1,ret,return,,"btrfs_qgroup_trace_extent_nolock(fs_info, delayed_refs, record, bytenr)",[],"[""xa_release(&delayed_refs->dirty_extents, index)"", ""kfree(record)""]",[],0,"{""acquired_resources"": [], ""missing_releases"": [], ""cleanup_calls"": [""xa_release(&delayed_refs->dirty_extents, index)"", ""kfree(record)""], ""final_return_expr"": ""0""}",error-like condition is followed by successful return expression.
8cd9520d35a6c38db6567e97dd93b1f11f185dc6,v7.1,fs/btrfs/raid56.c,bio_add_paddrs,bio_add_paddrs#001,1197,error_swallowed,P1,ret != step,goto,revert,phys_to_page(paddrs[i]),[],[],[],0,"{""acquired_resources"": [], ""missing_releases"": [], ""cleanup_calls"": [], ""final_return_expr"": ""0""}",error-like condition is followed by successful return expression.
8cd9520d35a6c38db6567e97dd93b1f11f185dc6,v7.1,fs/btrfs/relocation.c,btrfs_recover_relocation,btrfs_recover_relocation#013,5614,partial_cleanup,P2,ret,goto,out_unset,btrfs_commit_transaction(trans),"[{""var"": ""path"", ""acquire_func"": ""btrfs_alloc_path"", ""resource_type"": ""btrfs_path"", ""release_functions"": [""btrfs_free_path""], ""acquire_line"": 5492, ""out_resource_arg"": null, ""release_arg_index"": 0, ""release_arg_requires_address"": false, ""release_suggestion_template"": """", ""scope_cleanup_function"": """", ""scope_cleanup_decl_line"": null}, {""var"": ""fs_root->reloc_root"", ""acquire_func"": ""btrfs_grab_root"", ""resource_type"": ""btrfs_root_ref"", ""release_functions"": [""btrfs_put_root""], ""acquire_line"": 5609, ""out_resource_arg"": null, ""release_arg_index"": 0, ""release_arg_requires_address"": false, ""release_suggestion_template"": """", ""scope_cleanup_function"": """", ""scope_cleanup_decl_line"": null}]","[""unset_reloc_control(rc)"", ""reloc_chunk_end(fs_info)"", ""free_reloc_control(rc)"", ""free_reloc_roots(&reloc_roots)"", ""btrfs_free_path(path)"", ""btrfs_fs_incompat(fs_info, REMAP_TREE)"", ""btrfs_grab_root(fs_info->data_reloc_root)"", ""ASSERT(fs_root)"", ""btrfs_orphan_cleanup(fs_root)"", ""btrfs_put_root(fs_root)""]","[""btrfs_put_root(fs_root->reloc_root)""]",ret,"{""acquired_resources"": [{""var"": ""path"", ""acquire_func"": ""btrfs_alloc_path"", ""resource_type"": ""btrfs_path"", ""release_functions"": [""btrfs_free_path""], ""acquire_line"": 5492, ""out_resource_arg"": null, ""release_arg_index"": 0, ""release_arg_requires_address"": false, ""release_suggestion_template"": """", ""scope_cleanup_function"": """", ""scope_cleanup_decl_line"": null}, {""var"": ""fs_root->reloc_root"", ""acquire_func"": ""btrfs_grab_root"", ""resource_type"": ""btrfs_root_ref"", ""release_functions"": [""btrfs_put_root""], ""acquire_line"": 5609, ""out_resource_arg"": null, ""release_arg_index"": 0, ""release_arg_requires_address"": false, ""release_suggestion_template"": """", ""scope_cleanup_function"": """", ""scope_cleanup_decl_line"": null}], ""missing_releases"": [""btrfs_put_root(fs_root->reloc_root)""], ""cleanup_calls"": [""unset_reloc_control(rc)"", ""reloc_chunk_end(fs_info)"", ""free_reloc_control(rc)"", ""free_reloc_roots(&reloc_roots)"", ""btrfs_free_path(path)"", ""btrfs_fs_incompat(fs_info, REMAP_TREE)"", ""btrfs_grab_root(fs_info->data_reloc_root)"", ""ASSERT(fs_root)"", ""btrfs_orphan_cleanup(fs_root)"", ""btrfs_put_root(fs_root)""], ""final_return_expr"": ""ret""}",cleanup label releases some resources but not all resources acquired before the error path.
8cd9520d35a6c38db6567e97dd93b1f11f185dc6,v7.1,fs/btrfs/relocation.c,btrfs_recover_relocation,btrfs_recover_relocation#013,5614,missing_cleanup,P3,ret,goto,out_unset,btrfs_commit_transaction(trans),"[{""var"": ""path"", ""acquire_func"": ""btrfs_alloc_path"", ""resource_type"": ""btrfs_path"", ""release_functions"": [""btrfs_free_path""], ""acquire_line"": 5492, ""out_resource_arg"": null, ""release_arg_index"": 0, ""release_arg_requires_address"": false, ""release_suggestion_template"": """", ""scope_cleanup_function"": """", ""scope_cleanup_decl_line"": null}, {""var"": ""fs_root->reloc_root"", ""acquire_func"": ""btrfs_grab_root"", ""resource_type"": ""btrfs_root_ref"", ""release_functions"": [""btrfs_put_root""], ""acquire_line"": 5609, ""out_resource_arg"": null, ""release_arg_index"": 0, ""release_arg_requires_address"": false, ""release_suggestion_template"": """", ""scope_cleanup_function"": """", ""scope_cleanup_decl_line"": null}]","[""unset_reloc_control(rc)"", ""reloc_chunk_end(fs_info)"", ""free_reloc_control(rc)"", ""free_reloc_roots(&reloc_roots)"", ""btrfs_free_path(path)"", ""btrfs_fs_incompat(fs_info, REMAP_TREE)"", ""btrfs_grab_root(fs_info->data_reloc_root)"", ""ASSERT(fs_root)"", ""btrfs_orphan_cleanup(fs_root)"", ""btrfs_put_root(fs_root)""]","[""btrfs_put_root(fs_root->reloc_root)""]",ret,"{""acquired_resources"": [{""var"": ""path"", ""acquire_func"": ""btrfs_alloc_path"", ""resource_type"": ""btrfs_path"", ""release_functions"": [""btrfs_free_path""], ""acquire_line"": 5492, ""out_resource_arg"": null, ""release_arg_index"": 0, ""release_arg_requires_address"": false, ""release_suggestion_template"": """", ""scope_cleanup_function"": """", ""scope_cleanup_decl_line"": null}, {""var"": ""fs_root->reloc_root"", ""acquire_func"": ""btrfs_grab_root"", ""resource_type"": ""btrfs_root_ref"", ""release_functions"": [""btrfs_put_root""], ""acquire_line"": 5609, ""out_resource_arg"": null, ""release_arg_index"": 0, ""release_arg_requires_address"": false, ""release_suggestion_template"": """", ""scope_cleanup_function"": """", ""scope_cleanup_decl_line"": null}], ""missing_releases"": [""btrfs_put_root(fs_root->reloc_root)""], ""cleanup_calls"": [""unset_reloc_control(rc)"", ""reloc_chunk_end(fs_info)"", ""free_reloc_control(rc)"", ""free_reloc_roots(&reloc_roots)"", ""btrfs_free_path(path)"", ""btrfs_fs_incompat(fs_info, REMAP_TREE)"", ""btrfs_grab_root(fs_info->data_reloc_root)"", ""ASSERT(fs_root)"", ""btrfs_orphan_cleanup(fs_root)"", ""btrfs_put_root(fs_root)""], ""final_return_expr"": ""ret""}",error path exits while resource acquired before error path has no matching release in cleanup.
8cd9520d35a6c38db6567e97dd93b1f11f185dc6,v7.1,fs/btrfs/relocation.c,btrfs_recover_relocation,btrfs_recover_relocation#014,5622,partial_cleanup,P2,IS_ERR(trans),goto,out_clean,btrfs_join_transaction(rc->extent_root),"[{""var"": ""path"", ""acquire_func"": ""btrfs_alloc_path"", ""resource_type"": ""btrfs_path"", ""release_functions"": [""btrfs_free_path""], ""acquire_line"": 5492, ""out_resource_arg"": null, ""release_arg_index"": 0, ""release_arg_requires_address"": false, ""release_suggestion_template"": """", ""scope_cleanup_function"": """", ""scope_cleanup_decl_line"": null}, {""var"": ""fs_root->reloc_root"", ""acquire_func"": ""btrfs_grab_root"", ""resource_type"": ""btrfs_root_ref"", ""release_functions"": [""btrfs_put_root""], ""acquire_line"": 5609, ""out_resource_arg"": null, ""release_arg_index"": 0, ""release_arg_requires_address"": false, ""release_suggestion_template"": """", ""scope_cleanup_function"": """", ""scope_cleanup_decl_line"": null}]","[""PTR_ERR(trans)"", ""clean_dirty_subvols(rc)"", ""unset_reloc_control(rc)"", ""reloc_chunk_end(fs_info)"", ""free_reloc_control(rc)"", ""free_reloc_roots(&reloc_roots)"", ""btrfs_free_path(path)"", ""btrfs_fs_incompat(fs_info, REMAP_TREE)"", ""btrfs_grab_root(fs_info->data_reloc_root)"", ""ASSERT(fs_root)"", ""btrfs_orphan_cleanup(fs_root)"", ""btrfs_put_root(fs_root)""]","[""btrfs_put_root(fs_root->reloc_root)""]",ret,"{""acquired_resources"": [{""var"": ""path"", ""acquire_func"": ""btrfs_alloc_path"", ""resource_type"": ""btrfs_path"", ""release_functions"": [""btrfs_free_path""], ""acquire_line"": 5492, ""out_resource_arg"": null, ""release_arg_index"": 0, ""release_arg_requires_address"": false, ""release_suggestion_template"": """", ""scope_cleanup_function"": """", ""scope_cleanup_decl_line"": null}, {""var"": ""fs_root->reloc_root"", ""acquire_func"": ""btrfs_grab_root"", ""resource_type"": ""btrfs_root_ref"", ""release_functions"": [""btrfs_put_root""], ""acquire_line"": 5609, ""out_resource_arg"": null, ""release_arg_index"": 0, ""release_arg_requires_address"": false, ""release_suggestion_template"": """", ""scope_cleanup_function"": """", ""scope_cleanup_decl_line"": null}], ""missing_releases"": [""btrfs_put_root(fs_root->reloc_root)""], ""cleanup_calls"": [""PTR_ERR(trans)"", ""clean_dirty_subvols(rc)"", ""unset_reloc_control(rc)"", ""reloc_chunk_end(fs_info)"", ""free_reloc_control(rc)"", ""free_reloc_roots(&reloc_roots)"", ""btrfs_free_path(path)"", ""btrfs_fs_incompat(fs_info, REMAP_TREE)"", ""btrfs_grab_root(fs_info->data_reloc_root)"", ""ASSERT(fs_root)"", ""btrfs_orphan_cleanup(fs_root)"", ""btrfs_put_root(fs_root)""], ""final_return_expr"": ""ret""}",cleanup label releases some resources but not all resources acquired before the error path.
8cd9520d35a6c38db6567e97dd93b1f11f185dc6,v7.1,fs/btrfs/relocation.c,btrfs_recover_relocation,btrfs_recover_relocation#014,5622,missing_cleanup,P3,IS_ERR(trans),goto,out_clean,btrfs_join_transaction(rc->extent_root),"[{""var"": ""path"", ""acquire_func"": ""btrfs_alloc_path"", ""resource_type"": ""btrfs_path"", ""release_functions"": [""btrfs_free_path""], ""acquire_line"": 5492, ""out_resource_arg"": null, ""release_arg_index"": 0, ""release_arg_requires_address"": false, ""release_suggestion_template"": """", ""scope_cleanup_function"": """", ""scope_cleanup_decl_line"": null}, {""var"": ""fs_root->reloc_root"", ""acquire_func"": ""btrfs_grab_root"", ""resource_type"": ""btrfs_root_ref"", ""release_functions"": [""btrfs_put_root""], ""acquire_line"": 5609, ""out_resource_arg"": null, ""release_arg_index"": 0, ""release_arg_requires_address"": false, ""release_suggestion_template"": """", ""scope_cleanup_function"": """", ""scope_cleanup_decl_line"": null}]","[""PTR_ERR(trans)"", ""clean_dirty_subvols(rc)"", ""unset_reloc_control(rc)"", ""reloc_chunk_end(fs_info)"", ""free_reloc_control(rc)"", ""free_reloc_roots(&reloc_roots)"", ""btrfs_free_path(path)"", ""btrfs_fs_incompat(fs_info, REMAP_TREE)"", ""btrfs_grab_root(fs_info->data_reloc_root)"", ""ASSERT(fs_root)"", ""btrfs_orphan_cleanup(fs_root)"", ""btrfs_put_root(fs_root)""]","[""btrfs_put_root(fs_root->reloc_root)""]",ret,"{""acquired_resources"": [{""var"": ""path"", ""acquire_func"": ""btrfs_alloc_path"", ""resource_type"": ""btrfs_path"", ""release_functions"": [""btrfs_free_path""], ""acquire_line"": 5492, ""out_resource_arg"": null, ""release_arg_index"": 0, ""release_arg_requires_address"": false, ""release_suggestion_template"": """", ""scope_cleanup_function"": """", ""scope_cleanup_decl_line"": null}, {""var"": ""fs_root->reloc_root"", ""acquire_func"": ""btrfs_grab_root"", ""resource_type"": ""btrfs_root_ref"", ""release_functions"": [""btrfs_put_root""], ""acquire_line"": 5609, ""out_resource_arg"": null, ""release_arg_index"": 0, ""release_arg_requires_address"": false, ""release_suggestion_template"": """", ""scope_cleanup_function"": """", ""scope_cleanup_decl_line"": null}], ""missing_releases"": [""btrfs_put_root(fs_root->reloc_root)""], ""cleanup_calls"": [""PTR_ERR(trans)"", ""clean_dirty_subvols(rc)"", ""unset_reloc_control(rc)"", ""reloc_chunk_end(fs_info)"", ""free_reloc_control(rc)"", ""free_reloc_roots(&reloc_roots)"", ""btrfs_free_path(path)"", ""btrfs_fs_incompat(fs_info, REMAP_TREE)"", ""btrfs_grab_root(fs_info->data_reloc_root)"", ""ASSERT(fs_root)"", ""btrfs_orphan_cleanup(fs_root)"", ""btrfs_put_root(fs_root)""], ""final_return_expr"": ""ret""}",error path exits while resource acquired before error path has no matching release in cleanup.
8cd9520d35a6c38db6567e97dd93b1f11f185dc6,v7.1,fs/btrfs/relocation.c,remove_range_from_remap_tree,remove_range_from_remap_tree#006,6025,missing_cleanup,P3,unlikely(!dest_bg),return,,unknown,"[{""var"": ""dest_bg"", ""acquire_func"": ""btrfs_lookup_block_group"", ""resource_type"": ""btrfs_block_group_ref"", ""release_functions"": [""btrfs_put_block_group""], ""acquire_line"": 6024, ""out_resource_arg"": null, ""release_arg_index"": 0, ""release_arg_requires_address"": false, ""release_suggestion_template"": """", ""scope_cleanup_function"": """", ""scope_cleanup_decl_line"": null}]",[],"[""btrfs_put_block_group(dest_bg)""]",-EUCLEAN,"{""acquired_resources"": [{""var"": ""dest_bg"", ""acquire_func"": ""btrfs_lookup_block_group"", ""resource_type"": ""btrfs_block_group_ref"", ""release_functions"": [""btrfs_put_block_group""], ""acquire_line"": 6024, ""out_resource_arg"": null, ""release_arg_index"": 0, ""release_arg_requires_address"": false, ""release_suggestion_template"": """", ""scope_cleanup_function"": """", ""scope_cleanup_decl_line"": null}], ""missing_releases"": [""btrfs_put_block_group(dest_bg)""], ""cleanup_calls"": [], ""final_return_expr"": ""-EUCLEAN""}",error path exits while resource acquired before error path has no matching release in cleanup.
8cd9520d35a6c38db6567e97dd93b1f11f185dc6,v7.1,fs/btrfs/root-tree.c,btrfs_find_orphan_roots,btrfs_find_orphan_roots#006,259,missing_cleanup,P3,ret && ret != -ENOENT,return,,PTR_ERR_OR_ZERO(root),"[{""var"": ""path"", ""acquire_func"": ""btrfs_alloc_path"", ""resource_type"": ""btrfs_path"", ""release_functions"": [""btrfs_free_path""], ""acquire_line"": 221, ""out_resource_arg"": null, ""release_arg_index"": 0, ""release_arg_requires_address"": false, ""release_suggestion_template"": """", ""scope_cleanup_function"": ""btrfs_free_path"", ""scope_cleanup_decl_line"": 217}, {""var"": ""root"", ""acquire_func"": ""btrfs_get_fs_root"", ""resource_type"": ""btrfs_root_ref"", ""release_functions"": [""btrfs_put_root""], ""acquire_line"": 257, ""out_resource_arg"": null, ""release_arg_index"": 0, ""release_arg_requires_address"": false, ""release_suggestion_template"": """", ""scope_cleanup_function"": """", ""scope_cleanup_decl_line"": null}]",[],"[""btrfs_put_root(root)""]",ret,"{""acquired_resources"": [{""var"": ""path"", ""acquire_func"": ""btrfs_alloc_path"", ""resource_type"": ""btrfs_path"", ""release_functions"": [""btrfs_free_path""], ""acquire_line"": 221, ""out_resource_arg"": null, ""release_arg_index"": 0, ""release_arg_requires_address"": false, ""release_suggestion_template"": """", ""scope_cleanup_function"": ""btrfs_free_path"", ""scope_cleanup_decl_line"": 217}, {""var"": ""root"", ""acquire_func"": ""btrfs_get_fs_root"", ""resource_type"": ""btrfs_root_ref"", ""release_functions"": [""btrfs_put_root""], ""acquire_line"": 257, ""out_resource_arg"": null, ""release_arg_index"": 0, ""release_arg_requires_address"": false, ""release_suggestion_template"": """", ""scope_cleanup_function"": """", ""scope_cleanup_decl_line"": null}], ""missing_releases"": [""btrfs_put_root(root)""], ""cleanup_calls"": [], ""final_return_expr"": ""ret""}",error path exits while resource acquired before error path has no matching release in cleanup.
8cd9520d35a6c38db6567e97dd93b1f11f185dc6,v7.1,fs/btrfs/root-tree.c,btrfs_find_orphan_roots,btrfs_find_orphan_roots#007,265,missing_cleanup,P3,IS_ERR(trans),return,,btrfs_join_transaction(tree_root),"[{""var"": ""path"", ""acquire_func"": ""btrfs_alloc_path"", ""resource_type"": ""btrfs_path"", ""release_functions"": [""btrfs_free_path""], ""acquire_line"": 221, ""out_resource_arg"": null, ""release_arg_index"": 0, ""release_arg_requires_address"": false, ""release_suggestion_template"": """", ""scope_cleanup_function"": ""btrfs_free_path"", ""scope_cleanup_decl_line"": 217}, {""var"": ""root"", ""acquire_func"": ""btrfs_get_fs_root"", ""resource_type"": ""btrfs_root_ref"", ""release_functions"": [""btrfs_put_root""], ""acquire_line"": 257, ""out_resource_arg"": null, ""release_arg_index"": 0, ""release_arg_requires_address"": false, ""release_suggestion_template"": """", ""scope_cleanup_function"": """", ""scope_cleanup_decl_line"": null}]","[""PTR_ERR(trans)"", ""btrfs_err(fs_info, \""failed to join transaction to delete orphan item: %d\"", ret)""]","[""btrfs_put_root(root)""]",ret,"{""acquired_resources"": [{""var"": ""path"", ""acquire_func"": ""btrfs_alloc_path"", ""resource_type"": ""btrfs_path"", ""release_functions"": [""btrfs_free_path""], ""acquire_line"": 221, ""out_resource_arg"": null, ""release_arg_index"": 0, ""release_arg_requires_address"": false, ""release_suggestion_template"": """", ""scope_cleanup_function"": ""btrfs_free_path"", ""scope_cleanup_decl_line"": 217}, {""var"": ""root"", ""acquire_func"": ""btrfs_get_fs_root"", ""resource_type"": ""btrfs_root_ref"", ""release_functions"": [""btrfs_put_root""], ""acquire_line"": 257, ""out_resource_arg"": null, ""release_arg_index"": 0, ""release_arg_requires_address"": false, ""release_suggestion_template"": """", ""scope_cleanup_function"": """", ""scope_cleanup_decl_line"": null}], ""missing_releases"": [""btrfs_put_root(root)""], ""cleanup_calls"": [""PTR_ERR(trans)"", ""btrfs_err(fs_info, \""failed to join transaction to delete orphan item: %d\"", ret)""], ""final_return_expr"": ""ret""}",error path exits while resource acquired before error path has no matching release in cleanup.
8cd9520d35a6c38db6567e97dd93b1f11f185dc6,v7.1,fs/btrfs/root-tree.c,btrfs_find_orphan_roots,btrfs_find_orphan_roots#008,274,missing_cleanup,P3,ret,return,,"btrfs_del_orphan_item(trans, tree_root, root_objectid)","[{""var"": ""path"", ""acquire_func"": ""btrfs_alloc_path"", ""resource_type"": ""btrfs_path"", ""release_functions"": [""btrfs_free_path""], ""acquire_line"": 221, ""out_resource_arg"": null, ""release_arg_index"": 0, ""release_arg_requires_address"": false, ""release_suggestion_template"": """", ""scope_cleanup_function"": ""btrfs_free_path"", ""scope_cleanup_decl_line"": 217}, {""var"": ""root"", ""acquire_func"": ""btrfs_get_fs_root"", ""resource_type"": ""btrfs_root_ref"", ""release_functions"": [""btrfs_put_root""], ""acquire_line"": 257, ""out_resource_arg"": null, ""release_arg_index"": 0, ""release_arg_requires_address"": false, ""release_suggestion_template"": """", ""scope_cleanup_function"": """", ""scope_cleanup_decl_line"": null}]","[""btrfs_err(fs_info, \""failed to delete root orphan item: %d\"", ret)""]","[""btrfs_put_root(root)""]",ret,"{""acquired_resources"": [{""var"": ""path"", ""acquire_func"": ""btrfs_alloc_path"", ""resource_type"": ""btrfs_path"", ""release_functions"": [""btrfs_free_path""], ""acquire_line"": 221, ""out_resource_arg"": null, ""release_arg_index"": 0, ""release_arg_requires_address"": false, ""release_suggestion_template"": """", ""scope_cleanup_function"": ""btrfs_free_path"", ""scope_cleanup_decl_line"": 217}, {""var"": ""root"", ""acquire_func"": ""btrfs_get_fs_root"", ""resource_type"": ""btrfs_root_ref"", ""release_functions"": [""btrfs_put_root""], ""acquire_line"": 257, ""out_resource_arg"": null, ""release_arg_index"": 0, ""release_arg_requires_address"": false, ""release_suggestion_template"": """", ""scope_cleanup_function"": """", ""scope_cleanup_decl_line"": null}], ""missing_releases"": [""btrfs_put_root(root)""], ""cleanup_calls"": [""btrfs_err(fs_info, \""failed to delete root orphan item: %d\"", ret)""], ""final_return_expr"": ""ret""}",error path exits while resource acquired before error path has no matching release in cleanup.
8cd9520d35a6c38db6567e97dd93b1f11f185dc6,v7.1,fs/btrfs/send.c,is_extent_unchanged,is_extent_unchanged#004,6201,error_swallowed,P1,ret,return,,"btrfs_search_slot_for_read(sctx->parent_root, &key, path, 0, 0)",[],[],[],0,"{""acquired_resources"": [], ""missing_releases"": [], ""cleanup_calls"": [], ""final_return_expr"": ""0""}",error-like condition is followed by successful return expression.
8cd9520d35a6c38db6567e97dd93b1f11f185dc6,v7.1,fs/btrfs/tree-log.c,backref_in_log,backref_in_log#003,1196,error_swallowed,P1,ret == 1,return,,"btrfs_search_slot(NULL, log, key, path, 0, 0)","[{""var"": ""path"", ""acquire_func"": ""btrfs_alloc_path"", ""resource_type"": ""btrfs_path"", ""release_functions"": [""btrfs_free_path""], ""acquire_line"": 1189, ""out_resource_arg"": null, ""release_arg_index"": 0, ""release_arg_requires_address"": false, ""release_suggestion_template"": """", ""scope_cleanup_function"": ""btrfs_free_path"", ""scope_cleanup_decl_line"": 1186}]",[],[],0,"{""acquired_resources"": [{""var"": ""path"", ""acquire_func"": ""btrfs_alloc_path"", ""resource_type"": ""btrfs_path"", ""release_functions"": [""btrfs_free_path""], ""acquire_line"": 1189, ""out_resource_arg"": null, ""release_arg_index"": 0, ""release_arg_requires_address"": false, ""release_suggestion_template"": """", ""scope_cleanup_function"": ""btrfs_free_path"", ""scope_cleanup_decl_line"": 1186}], ""missing_releases"": [], ""cleanup_calls"": [], ""final_return_expr"": ""0""}",error-like condition is followed by successful return expression.
8cd9520d35a6c38db6567e97dd93b1f11f185dc6,v7.1,fs/btrfs/tree-log.c,btrfs_recover_log_trees,btrfs_recover_log_trees#007,7751,partial_cleanup,P2,unlikely(ret != -ENOENT),goto,error,unknown,"[{""var"": ""path"", ""acquire_func"": ""btrfs_alloc_path"", ""resource_type"": ""btrfs_path"", ""release_functions"": [""btrfs_free_path""], ""acquire_line"": 7691, ""out_resource_arg"": null, ""release_arg_index"": 0, ""release_arg_requires_address"": false, ""release_suggestion_template"": """", ""scope_cleanup_function"": """", ""scope_cleanup_decl_line"": null}, {""var"": ""trans"", ""acquire_func"": ""btrfs_start_transaction"", ""resource_type"": ""btrfs_transaction"", ""release_functions"": [""btrfs_end_transaction"", ""btrfs_commit_transaction""], ""acquire_line"": 7697, ""out_resource_arg"": null, ""release_arg_index"": 0, ""release_arg_requires_address"": false, ""release_suggestion_template"": """", ""scope_cleanup_function"": """", ""scope_cleanup_decl_line"": null}, {""var"": ""wc.root"", ""acquire_func"": ""btrfs_get_fs_root"", ""resource_type"": ""btrfs_root_ref"", ""release_functions"": [""btrfs_put_root""], ""acquire_line"": 7747, ""out_resource_arg"": null, ""release_arg_index"": 0, ""release_arg_requires_address"": false, ""release_suggestion_template"": """", ""scope_cleanup_function"": """", ""scope_cleanup_decl_line"": null}]","[""btrfs_abort_transaction(trans, ret)"", ""btrfs_end_transaction(wc.trans)"", ""btrfs_put_root(wc.log)"", ""clear_bit(BTRFS_FS_LOG_RECOVERING, &fs_info->flags)"", ""btrfs_free_path(path)""]","[""btrfs_put_root(wc.root)""]",ret,"{""acquired_resources"": [{""var"": ""path"", ""acquire_func"": ""btrfs_alloc_path"", ""resource_type"": ""btrfs_path"", ""release_functions"": [""btrfs_free_path""], ""acquire_line"": 7691, ""out_resource_arg"": null, ""release_arg_index"": 0, ""release_arg_requires_address"": false, ""release_suggestion_template"": """", ""scope_cleanup_function"": """", ""scope_cleanup_decl_line"": null}, {""var"": ""trans"", ""acquire_func"": ""btrfs_start_transaction"", ""resource_type"": ""btrfs_transaction"", ""release_functions"": [""btrfs_end_transaction"", ""btrfs_commit_transaction""], ""acquire_line"": 7697, ""out_resource_arg"": null, ""release_arg_index"": 0, ""release_arg_requires_address"": false, ""release_suggestion_template"": """", ""scope_cleanup_function"": """", ""scope_cleanup_decl_line"": null}, {""var"": ""wc.root"", ""acquire_func"": ""btrfs_get_fs_root"", ""resource_type"": ""btrfs_root_ref"", ""release_functions"": [""btrfs_put_root""], ""acquire_line"": 7747, ""out_resource_arg"": null, ""release_arg_index"": 0, ""release_arg_requires_address"": false, ""release_suggestion_template"": """", ""scope_cleanup_function"": """", ""scope_cleanup_decl_line"": null}], ""missing_releases"": [""btrfs_put_root(wc.root)""], ""cleanup_calls"": [""btrfs_abort_transaction(trans, ret)"", ""btrfs_end_transaction(wc.trans)"", ""btrfs_put_root(wc.log)"", ""clear_bit(BTRFS_FS_LOG_RECOVERING, &fs_info->flags)"", ""btrfs_free_path(path)""], ""final_return_expr"": ""ret""}",cleanup label releases some resources but not all resources acquired before the error path.
8cd9520d35a6c38db6567e97dd93b1f11f185dc6,v7.1,fs/btrfs/tree-log.c,btrfs_recover_log_trees,btrfs_recover_log_trees#007,7751,missing_cleanup,P3,unlikely(ret != -ENOENT),goto,error,unknown,"[{""var"": ""path"", ""acquire_func"": ""btrfs_alloc_path"", ""resource_type"": ""btrfs_path"", ""release_functions"": [""btrfs_free_path""], ""acquire_line"": 7691, ""out_resource_arg"": null, ""release_arg_index"": 0, ""release_arg_requires_address"": false, ""release_suggestion_template"": """", ""scope_cleanup_function"": """", ""scope_cleanup_decl_line"": null}, {""var"": ""trans"", ""acquire_func"": ""btrfs_start_transaction"", ""resource_type"": ""btrfs_transaction"", ""release_functions"": [""btrfs_end_transaction"", ""btrfs_commit_transaction""], ""acquire_line"": 7697, ""out_resource_arg"": null, ""release_arg_index"": 0, ""release_arg_requires_address"": false, ""release_suggestion_template"": """", ""scope_cleanup_function"": """", ""scope_cleanup_decl_line"": null}, {""var"": ""wc.root"", ""acquire_func"": ""btrfs_get_fs_root"", ""resource_type"": ""btrfs_root_ref"", ""release_functions"": [""btrfs_put_root""], ""acquire_line"": 7747, ""out_resource_arg"": null, ""release_arg_index"": 0, ""release_arg_requires_address"": false, ""release_suggestion_template"": """", ""scope_cleanup_function"": """", ""scope_cleanup_decl_line"": null}]","[""btrfs_abort_transaction(trans, ret)"", ""btrfs_end_transaction(wc.trans)"", ""btrfs_put_root(wc.log)"", ""clear_bit(BTRFS_FS_LOG_RECOVERING, &fs_info->flags)"", ""btrfs_free_path(path)""]","[""btrfs_put_root(wc.root)""]",ret,"{""acquired_resources"": [{""var"": ""path"", ""acquire_func"": ""btrfs_alloc_path"", ""resource_type"": ""btrfs_path"", ""release_functions"": [""btrfs_free_path""], ""acquire_line"": 7691, ""out_resource_arg"": null, ""release_arg_index"": 0, ""release_arg_requires_address"": false, ""release_suggestion_template"": """", ""scope_cleanup_function"": """", ""scope_cleanup_decl_line"": null}, {""var"": ""trans"", ""acquire_func"": ""btrfs_start_transaction"", ""resource_type"": ""btrfs_transaction"", ""release_functions"": [""btrfs_end_transaction"", ""btrfs_commit_transaction""], ""acquire_line"": 7697, ""out_resource_arg"": null, ""release_arg_index"": 0, ""release_arg_requires_address"": false, ""release_suggestion_template"": """", ""scope_cleanup_function"": """", ""scope_cleanup_decl_line"": null}, {""var"": ""wc.root"", ""acquire_func"": ""btrfs_get_fs_root"", ""resource_type"": ""btrfs_root_ref"", ""release_functions"": [""btrfs_put_root""], ""acquire_line"": 7747, ""out_resource_arg"": null, ""release_arg_index"": 0, ""release_arg_requires_address"": false, ""release_suggestion_template"": """", ""scope_cleanup_function"": """", ""scope_cleanup_decl_line"": null}], ""missing_releases"": [""btrfs_put_root(wc.root)""], ""cleanup_calls"": [""btrfs_abort_transaction(trans, ret)"", ""btrfs_end_transaction(wc.trans)"", ""btrfs_put_root(wc.log)"", ""clear_bit(BTRFS_FS_LOG_RECOVERING, &fs_info->flags)"", ""btrfs_free_path(path)""], ""final_return_expr"": ""ret""}",error path exits while resource acquired before error path has no matching release in cleanup.
8cd9520d35a6c38db6567e97dd93b1f11f185dc6,v7.1,fs/btrfs/tree-log.c,btrfs_recover_log_trees,btrfs_recover_log_trees#008,7768,partial_cleanup,P2,unlikely(ret),goto,error,unknown,"[{""var"": ""path"", ""acquire_func"": ""btrfs_alloc_path"", ""resource_type"": ""btrfs_path"", ""release_functions"": [""btrfs_free_path""], ""acquire_line"": 7691, ""out_resource_arg"": null, ""release_arg_index"": 0, ""release_arg_requires_address"": false, ""release_suggestion_template"": """", ""scope_cleanup_function"": """", ""scope_cleanup_decl_line"": null}, {""var"": ""trans"", ""acquire_func"": ""btrfs_start_transaction"", ""resource_type"": ""btrfs_transaction"", ""release_functions"": [""btrfs_end_transaction"", ""btrfs_commit_transaction""], ""acquire_line"": 7697, ""out_resource_arg"": null, ""release_arg_index"": 0, ""release_arg_requires_address"": false, ""release_suggestion_template"": """", ""scope_cleanup_function"": """", ""scope_cleanup_decl_line"": null}, {""var"": ""wc.root"", ""acquire_func"": ""btrfs_get_fs_root"", ""resource_type"": ""btrfs_root_ref"", ""release_functions"": [""btrfs_put_root""], ""acquire_line"": 7747, ""out_resource_arg"": null, ""release_arg_index"": 0, ""release_arg_requires_address"": false, ""release_suggestion_template"": """", ""scope_cleanup_function"": """", ""scope_cleanup_decl_line"": null}]","[""btrfs_abort_transaction(trans, ret)"", ""btrfs_end_transaction(wc.trans)"", ""btrfs_put_root(wc.log)"", ""clear_bit(BTRFS_FS_LOG_RECOVERING, &fs_info->flags)"", ""btrfs_free_path(path)""]","[""btrfs_put_root(wc.root)""]",ret,"{""acquired_resources"": [{""var"": ""path"", ""acquire_func"": ""btrfs_alloc_path"", ""resource_type"": ""btrfs_path"", ""release_functions"": [""btrfs_free_path""], ""acquire_line"": 7691, ""out_resource_arg"": null, ""release_arg_index"": 0, ""release_arg_requires_address"": false, ""release_suggestion_template"": """", ""scope_cleanup_function"": """", ""scope_cleanup_decl_line"": null}, {""var"": ""trans"", ""acquire_func"": ""btrfs_start_transaction"", ""resource_type"": ""btrfs_transaction"", ""release_functions"": [""btrfs_end_transaction"", ""btrfs_commit_transaction""], ""acquire_line"": 7697, ""out_resource_arg"": null, ""release_arg_index"": 0, ""release_arg_requires_address"": false, ""release_suggestion_template"": """", ""scope_cleanup_function"": """", ""scope_cleanup_decl_line"": null}, {""var"": ""wc.root"", ""acquire_func"": ""btrfs_get_fs_root"", ""resource_type"": ""btrfs_root_ref"", ""release_functions"": [""btrfs_put_root""], ""acquire_line"": 7747, ""out_resource_arg"": null, ""release_arg_index"": 0, ""release_arg_requires_address"": false, ""release_suggestion_template"": """", ""scope_cleanup_function"": """", ""scope_cleanup_decl_line"": null}], ""missing_releases"": [""btrfs_put_root(wc.root)""], ""cleanup_calls"": [""btrfs_abort_transaction(trans, ret)"", ""btrfs_end_transaction(wc.trans)"", ""btrfs_put_root(wc.log)"", ""clear_bit(BTRFS_FS_LOG_RECOVERING, &fs_info->flags)"", ""btrfs_free_path(path)""], ""final_return_expr"": ""ret""}",cleanup label releases some resources but not all resources acquired before the error path.
8cd9520d35a6c38db6567e97dd93b1f11f185dc6,v7.1,fs/btrfs/tree-log.c,btrfs_recover_log_trees,btrfs_recover_log_trees#008,7768,missing_cleanup,P3,unlikely(ret),goto,error,unknown,"[{""var"": ""path"", ""acquire_func"": ""btrfs_alloc_path"", ""resource_type"": ""btrfs_path"", ""release_functions"": [""btrfs_free_path""], ""acquire_line"": 7691, ""out_resource_arg"": null, ""release_arg_index"": 0, ""release_arg_requires_address"": false, ""release_suggestion_template"": """", ""scope_cleanup_function"": """", ""scope_cleanup_decl_line"": null}, {""var"": ""trans"", ""acquire_func"": ""btrfs_start_transaction"", ""resource_type"": ""btrfs_transaction"", ""release_functions"": [""btrfs_end_transaction"", ""btrfs_commit_transaction""], ""acquire_line"": 7697, ""out_resource_arg"": null, ""release_arg_index"": 0, ""release_arg_requires_address"": false, ""release_suggestion_template"": """", ""scope_cleanup_function"": """", ""scope_cleanup_decl_line"": null}, {""var"": ""wc.root"", ""acquire_func"": ""btrfs_get_fs_root"", ""resource_type"": ""btrfs_root_ref"", ""release_functions"": [""btrfs_put_root""], ""acquire_line"": 7747, ""out_resource_arg"": null, ""release_arg_index"": 0, ""release_arg_requires_address"": false, ""release_suggestion_template"": """", ""scope_cleanup_function"": """", ""scope_cleanup_decl_line"": null}]","[""btrfs_abort_transaction(trans, ret)"", ""btrfs_end_transaction(wc.trans)"", ""btrfs_put_root(wc.log)"", ""clear_bit(BTRFS_FS_LOG_RECOVERING, &fs_info->flags)"", ""btrfs_free_path(path)""]","[""btrfs_put_root(wc.root)""]",ret,"{""acquired_resources"": [{""var"": ""path"", ""acquire_func"": ""btrfs_alloc_path"", ""resource_type"": ""btrfs_path"", ""release_functions"": [""btrfs_free_path""], ""acquire_line"": 7691, ""out_resource_arg"": null, ""release_arg_index"": 0, ""release_arg_requires_address"": false, ""release_suggestion_template"": """", ""scope_cleanup_function"": """", ""scope_cleanup_decl_line"": null}, {""var"": ""trans"", ""acquire_func"": ""btrfs_start_transaction"", ""resource_type"": ""btrfs_transaction"", ""release_functions"": [""btrfs_end_transaction"", ""btrfs_commit_transaction""], ""acquire_line"": 7697, ""out_resource_arg"": null, ""release_arg_index"": 0, ""release_arg_requires_address"": false, ""release_suggestion_template"": """", ""scope_cleanup_function"": """", ""scope_cleanup_decl_line"": null}, {""var"": ""wc.root"", ""acquire_func"": ""btrfs_get_fs_root"", ""resource_type"": ""btrfs_root_ref"", ""release_functions"": [""btrfs_put_root""], ""acquire_line"": 7747, ""out_resource_arg"": null, ""release_arg_index"": 0, ""release_arg_requires_address"": false, ""release_suggestion_template"": """", ""scope_cleanup_function"": """", ""scope_cleanup_decl_line"": null}], ""missing_releases"": [""btrfs_put_root(wc.root)""], ""cleanup_calls"": [""btrfs_abort_transaction(trans, ret)"", ""btrfs_end_transaction(wc.trans)"", ""btrfs_put_root(wc.log)"", ""clear_bit(BTRFS_FS_LOG_RECOVERING, &fs_info->flags)"", ""btrfs_free_path(path)""], ""final_return_expr"": ""ret""}",error path exits while resource acquired before error path has no matching release in cleanup.
8cd9520d35a6c38db6567e97dd93b1f11f185dc6,v7.1,fs/btrfs/zoned.c,btrfs_zone_finish_endio,btrfs_zone_finish_endio#002,2691,missing_cleanup,P3,WARN_ON_ONCE(!block_group),return,,unknown,"[{""var"": ""block_group"", ""acquire_func"": ""btrfs_lookup_block_group"", ""resource_type"": ""btrfs_block_group_ref"", ""release_functions"": [""btrfs_put_block_group""], ""acquire_line"": 2690, ""out_resource_arg"": null, ""release_arg_index"": 0, ""release_arg_requires_address"": false, ""release_suggestion_template"": """", ""scope_cleanup_function"": """", ""scope_cleanup_decl_line"": null}]",[],"[""btrfs_put_block_group(block_group)""]",-ENOENT,"{""acquired_resources"": [{""var"": ""block_group"", ""acquire_func"": ""btrfs_lookup_block_group"", ""resource_type"": ""btrfs_block_group_ref"", ""release_functions"": [""btrfs_put_block_group""], ""acquire_line"": 2690, ""out_resource_arg"": null, ""release_arg_index"": 0, ""release_arg_requires_address"": false, ""release_suggestion_template"": """", ""scope_cleanup_function"": """", ""scope_cleanup_decl_line"": null}], ""missing_releases"": [""btrfs_put_block_group(block_group)""], ""cleanup_calls"": [], ""final_return_expr"": ""-ENOENT""}",error path exits while resource acquired before error path has no matching release in cleanup.
