candidate_id,file,function,error_line,candidate_type,severity,evidence_level,evidence_score,historical_fix_ids,fixed_versions,matched_protocol_ids,required_actions,has_exception_hints,exception_hints,released_by_wrapper_possible,ownership_transfer_possible,manual_verdict,manual_confidence,manual_review_source,manual_confirmed_exception,manual_exception_type,manual_score_adjustment,manual_reason,manual_next_action,manual_validation_hint,score_explanation,missing_evidence,final_return_expr
candidate_bedd7f83100e,fs/xfs/xfs_icache.c,xfs_iget_cache_hit,583,missing_cleanup,P1,E2_API_PROTOCOL_SUPPORTED,80,,,"[""lock.generic.spin.variants""]","[""spin_unlock""]",false,[],false,false,,,,,,0,,,,"[""E0 static rule base +10"", ""E2 API protocol support without exception hints +30"", ""P1 severity +20"", ""journal or lock protocol violation without exception hints +20""]","[""repair_patch"", ""dynamic_validation"", ""upstream_confirmation""]",error
candidate_2d96c56b9bba,fs/xfs/xfs_attr_list.c,xfs_attr_shortform_list,126,partial_cleanup,P2,E2_API_PROTOCOL_SUPPORTED,60,,,"[""memory.kmalloc.kzalloc.kcalloc.kmem_alloc.kfree"", ""memory.kv.vmalloc.family.kvfree""]","[""kfree"", ""kvfree""]",false,[],false,false,,,,,,0,,,,"[""E0 static rule base +10"", ""E2 API protocol support without exception hints +30"", ""P2 severity +10"", ""buffer_head or memory protocol violation without exception hints +10""]","[""repair_patch"", ""dynamic_validation"", ""upstream_confirmation""]",-EFSCORRUPTED
candidate_70860ed49640,fs/xfs/xfs_attr_list.c,xfs_attr_shortform_list,176,partial_cleanup,P2,E2_API_PROTOCOL_SUPPORTED,60,,,"[""memory.kmalloc.kzalloc.kcalloc.kmem_alloc.kfree"", ""memory.kv.vmalloc.family.kvfree""]","[""kfree"", ""kvfree""]",false,[],false,false,,,,,,0,,,,"[""E0 static rule base +10"", ""E2 API protocol support without exception hints +30"", ""P2 severity +10"", ""buffer_head or memory protocol violation without exception hints +10""]","[""repair_patch"", ""dynamic_validation"", ""upstream_confirmation""]",error
candidate_222c79b22dbc,fs/xfs/xfs_bmap_item.c,xfs_bmap_recover_work,515,missing_cleanup,P2,E2_API_PROTOCOL_SUPPORTED,60,,,"[""memory.kmalloc.kzalloc.kcalloc.kmem_alloc.kfree""]","[""kfree""]",false,[],false,false,,,,,,0,,,,"[""E0 static rule base +10"", ""E2 API protocol support without exception hints +30"", ""P2 severity +10"", ""buffer_head or memory protocol violation without exception hints +10""]","[""repair_patch"", ""dynamic_validation"", ""upstream_confirmation""]",error
candidate_583da03f6407,fs/xfs/xfs_bmap_item.c,xfs_bmap_recover_work,515,partial_cleanup,P2,E2_API_PROTOCOL_SUPPORTED,60,,,"[""memory.kmalloc.kzalloc.kcalloc.kmem_alloc.kfree""]","[""kfree""]",false,[],false,false,,,,,,0,,,,"[""E0 static rule base +10"", ""E2 API protocol support without exception hints +30"", ""P2 severity +10"", ""buffer_head or memory protocol violation without exception hints +10""]","[""repair_patch"", ""dynamic_validation"", ""upstream_confirmation""]",error
candidate_65d182b2939f,fs/xfs/xfs_bmap_item.c,xfs_bmap_recover_work,521,missing_cleanup,P2,E2_API_PROTOCOL_SUPPORTED,60,,,"[""memory.kmalloc.kzalloc.kcalloc.kmem_alloc.kfree""]","[""kfree""]",false,[],false,false,,,,,,0,,,,"[""E0 static rule base +10"", ""E2 API protocol support without exception hints +30"", ""P2 severity +10"", ""buffer_head or memory protocol violation without exception hints +10""]","[""repair_patch"", ""dynamic_validation"", ""upstream_confirmation""]",error
candidate_31f71a71a952,fs/xfs/xfs_bmap_item.c,xfs_bmap_recover_work,521,partial_cleanup,P2,E2_API_PROTOCOL_SUPPORTED,60,,,"[""memory.kmalloc.kzalloc.kcalloc.kmem_alloc.kfree""]","[""kfree""]",false,[],false,false,,,,,,0,,,,"[""E0 static rule base +10"", ""E2 API protocol support without exception hints +30"", ""P2 severity +10"", ""buffer_head or memory protocol violation without exception hints +10""]","[""repair_patch"", ""dynamic_validation"", ""upstream_confirmation""]",error
candidate_517d4c360865,fs/xfs/xfs_buf.c,xfs_buf_alloc_pages,334,missing_cleanup,P2,E2_API_PROTOCOL_SUPPORTED,60,,,"[""memory.kmalloc.kzalloc.kcalloc.kmem_alloc.kfree"", ""memory.kv.vmalloc.family.kvfree""]","[""kfree"", ""kvfree""]",false,[],false,false,,,,,,0,,,,"[""E0 static rule base +10"", ""E2 API protocol support without exception hints +30"", ""P2 severity +10"", ""buffer_head or memory protocol violation without exception hints +10""]","[""repair_patch"", ""dynamic_validation"", ""upstream_confirmation""]",-ENOMEM
candidate_61a0458d377e,fs/xfs/xfs_log_cil.c,xlog_cil_push_work,1341,missing_cleanup,P2,E2_API_PROTOCOL_SUPPORTED,60,,,"[""memory.kmalloc.kzalloc.kcalloc.kmem_alloc.kfree""]","[""kfree""]",false,[],false,false,,,,,,0,,,,"[""E0 static rule base +10"", ""E2 API protocol support without exception hints +30"", ""P2 severity +10"", ""buffer_head or memory protocol violation without exception hints +10""]","[""repair_patch"", ""dynamic_validation"", ""upstream_confirmation""]",unknown
candidate_f591b0c607ae,fs/xfs/xfs_log_cil.c,xlog_cil_push_work,1341,partial_cleanup,P2,E2_API_PROTOCOL_SUPPORTED,60,,,"[""memory.kmalloc.kzalloc.kcalloc.kmem_alloc.kfree""]","[""kfree""]",false,[],false,false,,,,,,0,,,,"[""E0 static rule base +10"", ""E2 API protocol support without exception hints +30"", ""P2 severity +10"", ""buffer_head or memory protocol violation without exception hints +10""]","[""repair_patch"", ""dynamic_validation"", ""upstream_confirmation""]",unknown
candidate_10bffc9ab1a8,fs/xfs/xfs_log_cil.c,xlog_cil_push_work,1349,missing_cleanup,P2,E2_API_PROTOCOL_SUPPORTED,60,,,"[""memory.kmalloc.kzalloc.kcalloc.kmem_alloc.kfree""]","[""kfree""]",false,[],false,false,,,,,,0,,,,"[""E0 static rule base +10"", ""E2 API protocol support without exception hints +30"", ""P2 severity +10"", ""buffer_head or memory protocol violation without exception hints +10""]","[""repair_patch"", ""dynamic_validation"", ""upstream_confirmation""]",unknown
candidate_057b8a9a4fee,fs/xfs/xfs_log_cil.c,xlog_cil_push_work,1349,partial_cleanup,P2,E2_API_PROTOCOL_SUPPORTED,60,,,"[""memory.kmalloc.kzalloc.kcalloc.kmem_alloc.kfree""]","[""kfree""]",false,[],false,false,,,,,,0,,,,"[""E0 static rule base +10"", ""E2 API protocol support without exception hints +30"", ""P2 severity +10"", ""buffer_head or memory protocol violation without exception hints +10""]","[""repair_patch"", ""dynamic_validation"", ""upstream_confirmation""]",unknown
candidate_9cfec6784cb7,fs/xfs/xfs_log_cil.c,xlog_cil_push_work,1438,missing_cleanup,P2,E2_API_PROTOCOL_SUPPORTED,60,,,"[""memory.kmalloc.kzalloc.kcalloc.kmem_alloc.kfree""]","[""kfree""]",false,[],false,false,,,,,,0,,,,"[""E0 static rule base +10"", ""E2 API protocol support without exception hints +30"", ""P2 severity +10"", ""buffer_head or memory protocol violation without exception hints +10""]","[""repair_patch"", ""dynamic_validation"", ""upstream_confirmation""]",unknown
candidate_652cadc3b771,fs/xfs/xfs_log_cil.c,xlog_cil_push_work,1442,missing_cleanup,P2,E2_API_PROTOCOL_SUPPORTED,60,,,"[""memory.kmalloc.kzalloc.kcalloc.kmem_alloc.kfree""]","[""kfree""]",false,[],false,false,,,,,,0,,,,"[""E0 static rule base +10"", ""E2 API protocol support without exception hints +30"", ""P2 severity +10"", ""buffer_head or memory protocol violation without exception hints +10""]","[""repair_patch"", ""dynamic_validation"", ""upstream_confirmation""]",unknown
candidate_4ce66d3c510d,fs/xfs/xfs_log_recover.c,xlog_recover_process_ophdr,2450,missing_cleanup,P2,E2_API_PROTOCOL_SUPPORTED,60,,,"[""memory.kmalloc.kzalloc.kcalloc.kmem_alloc.kfree"", ""memory.kv.vmalloc.family.kvfree""]","[""kfree"", ""kvfree""]",false,[],false,false,,,,,,0,,,,"[""E0 static rule base +10"", ""E2 API protocol support without exception hints +30"", ""P2 severity +10"", ""buffer_head or memory protocol violation without exception hints +10""]","[""repair_patch"", ""dynamic_validation"", ""upstream_confirmation""]",error
candidate_5f4016571cf7,fs/xfs/xfs_qm.c,xfs_qm_init_quotainfo,850,missing_cleanup,P2,E2_API_PROTOCOL_SUPPORTED,60,,,"[""memory.kmalloc.kzalloc.kcalloc.kmem_alloc.kfree"", ""memory.kv.vmalloc.family.kvfree""]","[""kfree"", ""kvfree""]",false,[],false,false,,,,,,0,,,,"[""E0 static rule base +10"", ""E2 API protocol support without exception hints +30"", ""P2 severity +10"", ""buffer_head or memory protocol violation without exception hints +10""]","[""repair_patch"", ""dynamic_validation"", ""upstream_confirmation""]",error
candidate_8b536e764663,fs/xfs/xfs_qm.c,xfs_qm_init_quotainfo,850,partial_cleanup,P2,E2_API_PROTOCOL_SUPPORTED,60,,,"[""memory.kmalloc.kzalloc.kcalloc.kmem_alloc.kfree"", ""memory.kv.vmalloc.family.kvfree""]","[""kfree"", ""kvfree""]",false,[],false,false,,,,,,0,,,,"[""E0 static rule base +10"", ""E2 API protocol support without exception hints +30"", ""P2 severity +10"", ""buffer_head or memory protocol violation without exception hints +10""]","[""repair_patch"", ""dynamic_validation"", ""upstream_confirmation""]",error
candidate_420a418c9aaf,fs/xfs/xfs_qm.c,xfs_qm_init_quotainfo,861,missing_cleanup,P2,E2_API_PROTOCOL_SUPPORTED,60,,,"[""memory.kmalloc.kzalloc.kcalloc.kmem_alloc.kfree"", ""memory.kv.vmalloc.family.kvfree""]","[""kfree"", ""kvfree""]",false,[],false,false,,,,,,0,,,,"[""E0 static rule base +10"", ""E2 API protocol support without exception hints +30"", ""P2 severity +10"", ""buffer_head or memory protocol violation without exception hints +10""]","[""repair_patch"", ""dynamic_validation"", ""upstream_confirmation""]",error
candidate_fa0dd1102f64,fs/xfs/xfs_qm.c,xfs_qm_init_quotainfo,861,partial_cleanup,P2,E2_API_PROTOCOL_SUPPORTED,60,,,"[""memory.kmalloc.kzalloc.kcalloc.kmem_alloc.kfree"", ""memory.kv.vmalloc.family.kvfree""]","[""kfree"", ""kvfree""]",false,[],false,false,,,,,,0,,,,"[""E0 static rule base +10"", ""E2 API protocol support without exception hints +30"", ""P2 severity +10"", ""buffer_head or memory protocol violation without exception hints +10""]","[""repair_patch"", ""dynamic_validation"", ""upstream_confirmation""]",error
candidate_6291a1b683d7,fs/xfs/xfs_qm.c,xfs_qm_init_quotainfo,902,missing_cleanup,P2,E2_API_PROTOCOL_SUPPORTED,60,,,"[""memory.kmalloc.kzalloc.kcalloc.kmem_alloc.kfree"", ""memory.kv.vmalloc.family.kvfree""]","[""kfree"", ""kvfree""]",false,[],false,false,,,,,,0,,,,"[""E0 static rule base +10"", ""E2 API protocol support without exception hints +30"", ""P2 severity +10"", ""buffer_head or memory protocol violation without exception hints +10""]","[""repair_patch"", ""dynamic_validation"", ""upstream_confirmation""]",error
candidate_b5623118888c,fs/xfs/xfs_qm.c,xfs_qm_init_quotainfo,902,partial_cleanup,P2,E2_API_PROTOCOL_SUPPORTED,60,,,"[""memory.kmalloc.kzalloc.kcalloc.kmem_alloc.kfree"", ""memory.kv.vmalloc.family.kvfree""]","[""kfree"", ""kvfree""]",false,[],false,false,,,,,,0,,,,"[""E0 static rule base +10"", ""E2 API protocol support without exception hints +30"", ""P2 severity +10"", ""buffer_head or memory protocol violation without exception hints +10""]","[""repair_patch"", ""dynamic_validation"", ""upstream_confirmation""]",error
candidate_edc22ce8640f,fs/xfs/xfs_trans.c,xfs_trans_roll,1059,missing_cleanup,P2,E2_API_PROTOCOL_SUPPORTED,60,,,"[""memory.kmalloc.kzalloc.kcalloc.kmem_alloc.kfree""]","[""kfree""]",false,[],false,false,,,,,,0,,,,"[""E0 static rule base +10"", ""E2 API protocol support without exception hints +30"", ""P2 severity +10"", ""buffer_head or memory protocol violation without exception hints +10""]","[""repair_patch"", ""dynamic_validation"", ""upstream_confirmation""]",error
candidate_1535ebf36a83,fs/xfs/xfs_rtalloc.c,xfs_rtcopy_summary,112,error_swallowed,P1,E0_STATIC_RULE_ONLY,50,,,[],[],false,[],false,false,,,,,,0,,,,"[""E0 static rule base +10"", ""P1 severity +20"", ""error_swallowed final return 0 +20""]","[""repair_patch"", ""dynamic_validation"", ""upstream_confirmation""]",0
candidate_9bce16dd9ec5,fs/xfs/xfs_rtalloc.c,xfs_rtcopy_summary,117,error_swallowed,P1,E0_STATIC_RULE_ONLY,50,,,[],[],false,[],false,false,,,,,,0,,,,"[""E0 static rule base +10"", ""P1 severity +20"", ""error_swallowed final return 0 +20""]","[""repair_patch"", ""dynamic_validation"", ""upstream_confirmation""]",0
candidate_faa19e4a0b8f,fs/xfs/xfs_rtalloc.c,xfs_rtcopy_summary,120,error_swallowed,P1,E0_STATIC_RULE_ONLY,50,,,[],[],false,[],false,false,,,,,,0,,,,"[""E0 static rule base +10"", ""P1 severity +20"", ""error_swallowed final return 0 +20""]","[""repair_patch"", ""dynamic_validation"", ""upstream_confirmation""]",0
candidate_e7c49f8c2d51,fs/xfs/xfs_rtalloc.c,xfs_rtginode_ensure,736,error_swallowed,P1,E0_STATIC_RULE_ONLY,50,,,[],[],false,[],false,false,,,,,,0,,,,"[""E0 static rule base +10"", ""P1 severity +20"", ""error_swallowed final return 0 +20""]","[""repair_patch"", ""dynamic_validation"", ""upstream_confirmation""]",0
candidate_c6ee61e3f70f,fs/xfs/xfs_bmap_util.c,xfs_insert_file_space,1063,missing_cleanup,P3,E2_API_PROTOCOL_SUPPORTED,40,,,"[""xfs.transaction.alloc.cancel_or_commit""]","[""xfs_trans_cancel""]",false,[],false,false,,,,,,0,,,,"[""E0 static rule base +10"", ""E2 API protocol support without exception hints +30""]","[""repair_patch"", ""dynamic_validation"", ""upstream_confirmation""]",error
candidate_566ec458a7bc,fs/xfs/xfs_bmap_util.c,xfs_swap_extents,1588,missing_cleanup,P3,E2_API_PROTOCOL_SUPPORTED,40,,,"[""xfs.transaction.alloc.cancel_or_commit""]","[""xfs_trans_cancel""]",false,[],false,false,,,,,,0,,,,"[""E0 static rule base +10"", ""E2 API protocol support without exception hints +30""]","[""repair_patch"", ""dynamic_validation"", ""upstream_confirmation""]",error
candidate_ecd5f1a8e32f,fs/xfs/xfs_dquot.c,xfs_dquot_disk_alloc,360,missing_cleanup,P3,E2_API_PROTOCOL_SUPPORTED,40,,,"[""xfs.transaction.alloc.cancel_or_commit""]","[""xfs_trans_cancel""]",false,[],false,false,,,,,,0,,,,"[""E0 static rule base +10"", ""E2 API protocol support without exception hints +30""]","[""repair_patch"", ""dynamic_validation"", ""upstream_confirmation""]",error
candidate_f142b5340af7,fs/xfs/xfs_exchrange.c,xfs_exchrange_mappings,233,missing_cleanup,P3,E2_API_PROTOCOL_SUPPORTED,40,,,"[""xfs.transaction.alloc.cancel_or_commit""]","[""xfs_trans_cancel""]",false,[],false,false,,,,,,0,,,,"[""E0 static rule base +10"", ""E2 API protocol support without exception hints +30""]","[""repair_patch"", ""dynamic_validation"", ""upstream_confirmation""]",error
candidate_69ed0755f149,fs/xfs/xfs_fsops.c,xfs_growfs_data_private,166,missing_cleanup,P3,E2_API_PROTOCOL_SUPPORTED,40,,,"[""xfs.transaction.alloc.cancel_or_commit""]","[""xfs_trans_cancel""]",false,[],false,false,,,,,,0,,,,"[""E0 static rule base +10"", ""E2 API protocol support without exception hints +30""]","[""repair_patch"", ""dynamic_validation"", ""upstream_confirmation""]",error
candidate_44f08bee5d02,fs/xfs/xfs_fsops.c,xfs_growfs_imaxpct,284,missing_cleanup,P3,E2_API_PROTOCOL_SUPPORTED,40,,,"[""xfs.transaction.alloc.cancel_or_commit""]","[""xfs_trans_cancel""]",false,[],false,false,,,,,,0,,,,"[""E0 static rule base +10"", ""E2 API protocol support without exception hints +30""]","[""repair_patch"", ""dynamic_validation"", ""upstream_confirmation""]",error
candidate_eb2bb6a72a66,fs/xfs/xfs_inode.c,xfs_iunlink_reload_next,1557,missing_cleanup,P3,E2_API_PROTOCOL_SUPPORTED,40,,,"[""xfs.inode.iget.irele""]","[""xfs_irele""]",false,[],false,false,,,,,,0,,,,"[""E0 static rule base +10"", ""E2 API protocol support without exception hints +30""]","[""repair_patch"", ""dynamic_validation"", ""upstream_confirmation""]",error
candidate_ef751f4a2893,fs/xfs/xfs_iops.c,xfs_setattr_size,963,missing_cleanup,P3,E2_API_PROTOCOL_SUPPORTED,40,,,"[""xfs.transaction.alloc.cancel_or_commit""]","[""xfs_trans_cancel""]",false,[],false,false,,,,,,0,,,,"[""E0 static rule base +10"", ""E2 API protocol support without exception hints +30""]","[""repair_patch"", ""dynamic_validation"", ""upstream_confirmation""]",error
candidate_31a58209550a,fs/xfs/xfs_itable.c,xfs_bulkstat_one_int,83,missing_cleanup,P3,E2_API_PROTOCOL_SUPPORTED,40,,,"[""xfs.inode.iget.irele""]","[""xfs_irele""]",false,[],false,false,,,,,,0,,,,"[""E0 static rule base +10"", ""E2 API protocol support without exception hints +30""]","[""repair_patch"", ""dynamic_validation"", ""upstream_confirmation""]",error
candidate_cbc269174ae0,fs/xfs/xfs_pnfs.c,xfs_fs_map_update_inode,90,missing_cleanup,P3,E2_API_PROTOCOL_SUPPORTED,40,,,"[""xfs.transaction.alloc.cancel_or_commit""]","[""xfs_trans_cancel""]",false,[],false,false,,,,,,0,,,,"[""E0 static rule base +10"", ""E2 API protocol support without exception hints +30""]","[""repair_patch"", ""dynamic_validation"", ""upstream_confirmation""]",error
candidate_de21836d6c96,fs/xfs/xfs_qm.c,xfs_qm_vop_dqalloc,2000,missing_cleanup,P3,E2_API_PROTOCOL_SUPPORTED,40,,,"[""xfs.dquot.dqget.dqrele""]","[""xfs_qm_dqrele""]",false,[],false,false,,,,,,0,,,,"[""E0 static rule base +10"", ""E2 API protocol support without exception hints +30""]","[""repair_patch"", ""dynamic_validation"", ""upstream_confirmation""]",error
candidate_57949d83f4f1,fs/xfs/xfs_reflink.c,xfs_reflink_cancel_cow_range,724,missing_cleanup,P3,E2_API_PROTOCOL_SUPPORTED,40,,,"[""xfs.transaction.alloc.cancel_or_commit""]","[""xfs_trans_cancel""]",false,[],false,false,,,,,,0,,,,"[""E0 static rule base +10"", ""E2 API protocol support without exception hints +30""]","[""repair_patch"", ""dynamic_validation"", ""upstream_confirmation""]",error
candidate_cfd0ea5d4976,fs/xfs/xfs_reflink.c,xfs_reflink_end_cow_extent,807,missing_cleanup,P3,E2_API_PROTOCOL_SUPPORTED,40,,,"[""xfs.transaction.alloc.cancel_or_commit""]","[""xfs_trans_cancel""]",false,[],false,false,,,,,,0,,,,"[""E0 static rule base +10"", ""E2 API protocol support without exception hints +30""]","[""repair_patch"", ""dynamic_validation"", ""upstream_confirmation""]",error
candidate_45697d5654e0,fs/xfs/xfs_rtalloc.c,xfs_growfs_rt_bmblock,902,missing_cleanup,P3,E2_API_PROTOCOL_SUPPORTED,40,,,"[""xfs.transaction.alloc.cancel_or_commit""]","[""xfs_trans_cancel""]",false,[],false,false,,,,,,0,,,,"[""E0 static rule base +10"", ""E2 API protocol support without exception hints +30""]","[""repair_patch"", ""dynamic_validation"", ""upstream_confirmation""]",error
candidate_330c2d6e57ee,fs/xfs/xfs_rtalloc.c,xfs_growfs_rt_init_rtsb,841,missing_cleanup,P3,E2_API_PROTOCOL_SUPPORTED,40,,,"[""xfs.buffer.get_read.relse""]","[""xfs_buf_relse""]",false,[],false,false,,,,,,0,,,,"[""E0 static rule base +10"", ""E2 API protocol support without exception hints +30""]","[""repair_patch"", ""dynamic_validation"", ""upstream_confirmation""]",error
candidate_7c94491ba898,fs/xfs/xfs_attr_item.c,xfs_attr_recover_work,782,missing_cleanup,P2,E2_API_PROTOCOL_SUPPORTED,33,,,"[""memory.kmalloc.kzalloc.kcalloc.kmem_alloc.kfree"", ""memory.kv.vmalloc.family.kvfree""]","[""kfree"", ""kvfree""]",true,"[{""type"": ""ownership_transferred"", ""resource_kind"": ""memory"", ""resource_expr"": ""attr"", ""line"": 766, ""reason"": ""resource appears in a call before the error path"", ""confidence"": ""low"", ""call"": ""xfs_attr_intent_op(attr)"", ""protocol_id"": ""memory.kmalloc.kzalloc.kcalloc.kmem_alloc.kfree""}, {""type"": ""ownership_transferred"", ""resource_kind"": ""memory"", ""resource_expr"": ""attr"", ""line"": 766, ""reason"": ""resource appears in a call before the error path"", ""confidence"": ""low"", ""call"": ""xfs_attr_intent_op(attr)"", ""protocol_id"": ""memory.kv.vmalloc.family.kvfree""}]",false,true,,,,,,0,,,,"[""E0 static rule base +10"", ""E2 API protocol support with exception hints +10"", ""P2 severity +10"", ""buffer_head or memory protocol violation with exception hints +3""]","[""repair_patch"", ""dynamic_validation"", ""upstream_confirmation""]",error
candidate_5ae4e7cf638c,fs/xfs/xfs_attr_list.c,xfs_attr_shortform_list,187,partial_cleanup,P2,E2_API_PROTOCOL_SUPPORTED,33,,,"[""memory.kmalloc.kzalloc.kcalloc.kmem_alloc.kfree"", ""memory.kv.vmalloc.family.kvfree""]","[""kfree"", ""kvfree""]",true,"[{""type"": ""ownership_transferred"", ""resource_kind"": ""memory"", ""resource_expr"": ""sbuf"", ""line"": 158, ""reason"": ""resource appears in a call before the error path"", ""confidence"": ""low"", ""call"": ""xfs_sort(sbuf, nsbuf, sizeof(*sbuf), xfs_attr_shortform_compare)"", ""protocol_id"": ""memory.kmalloc.kzalloc.kcalloc.kmem_alloc.kfree""}, {""type"": ""ownership_transferred"", ""resource_kind"": ""memory"", ""resource_expr"": ""sbp"", ""line"": 184, ""reason"": ""resource assigned into a struct field before the error path"", ""confidence"": ""low"", ""protocol_id"": ""memory.kmalloc.kzalloc.kcalloc.kmem_alloc.kfree""}, {""type"": ""ownership_transferred"", ""resource_kind"": ""memory"", ""resource_expr"": ""sbuf"", ""line"": 158, ""reason"": ""resource appears in a call before the error path"", ""confidence"": ""low"", ""call"": ""xfs_sort(sbuf, nsbuf, sizeof(*sbuf), xfs_attr_shortform_compare)"", ""protocol_id"": ""memory.kv.vmalloc.family.kvfree""}, {""type"": ""ownership_transferred"", ""resource_kind"": ""memory"", ""resource_expr"": ""sbp"", ""line"": 184, ""reason"": ""resource assigned into a struct field before the error path"", ""confidence"": ""low"", ""protocol_id"": ""memory.kv.vmalloc.family.kvfree""}]",false,true,,,,,,0,,,,"[""E0 static rule base +10"", ""E2 API protocol support with exception hints +10"", ""P2 severity +10"", ""buffer_head or memory protocol violation with exception hints +3""]","[""repair_patch"", ""dynamic_validation"", ""upstream_confirmation""]",error
candidate_1e61774f2f40,fs/xfs/xfs_bmap_item.c,xfs_bmap_recover_work,533,missing_cleanup,P2,E2_API_PROTOCOL_SUPPORTED,33,,,"[""memory.kmalloc.kzalloc.kcalloc.kmem_alloc.kfree""]","[""kfree""]",true,"[{""type"": ""ownership_transferred"", ""resource_kind"": ""memory"", ""resource_expr"": ""work"", ""line"": 522, ""reason"": ""resource appears in a call before the error path"", ""confidence"": ""low"", ""call"": ""xfs_ifork_is_realtime(ip, work->bi_whichfork)"", ""protocol_id"": ""memory.kmalloc.kzalloc.kcalloc.kmem_alloc.kfree""}, {""type"": ""ownership_transferred"", ""resource_kind"": ""memory"", ""resource_expr"": ""work"", ""line"": 532, ""reason"": ""resource appears in a call before the error path"", ""confidence"": ""low"", ""call"": ""xfs_iext_count_extend(tp, ip, work->bi_whichfork, iext_delta)"", ""protocol_id"": ""memory.kmalloc.kzalloc.kcalloc.kmem_alloc.kfree""}]",false,true,,,,,,0,,,,"[""E0 static rule base +10"", ""E2 API protocol support with exception hints +10"", ""P2 severity +10"", ""buffer_head or memory protocol violation with exception hints +3""]","[""repair_patch"", ""dynamic_validation"", ""upstream_confirmation""]",error
candidate_3f8caab50e94,fs/xfs/xfs_bmap_item.c,xfs_bmap_recover_work,533,partial_cleanup,P2,E2_API_PROTOCOL_SUPPORTED,33,,,"[""memory.kmalloc.kzalloc.kcalloc.kmem_alloc.kfree""]","[""kfree""]",true,"[{""type"": ""ownership_transferred"", ""resource_kind"": ""memory"", ""resource_expr"": ""work"", ""line"": 522, ""reason"": ""resource appears in a call before the error path"", ""confidence"": ""low"", ""call"": ""xfs_ifork_is_realtime(ip, work->bi_whichfork)"", ""protocol_id"": ""memory.kmalloc.kzalloc.kcalloc.kmem_alloc.kfree""}, {""type"": ""ownership_transferred"", ""resource_kind"": ""memory"", ""resource_expr"": ""work"", ""line"": 532, ""reason"": ""resource appears in a call before the error path"", ""confidence"": ""low"", ""call"": ""xfs_iext_count_extend(tp, ip, work->bi_whichfork, iext_delta)"", ""protocol_id"": ""memory.kmalloc.kzalloc.kcalloc.kmem_alloc.kfree""}]",false,true,,,,,,0,,,,"[""E0 static rule base +10"", ""E2 API protocol support with exception hints +10"", ""P2 severity +10"", ""buffer_head or memory protocol violation with exception hints +3""]","[""repair_patch"", ""dynamic_validation"", ""upstream_confirmation""]",error
candidate_93aa520b6c60,fs/xfs/xfs_bmap_item.c,xfs_bmap_recover_work,540,missing_cleanup,P2,E2_API_PROTOCOL_SUPPORTED,33,,,"[""memory.kmalloc.kzalloc.kcalloc.kmem_alloc.kfree""]","[""kfree""]",true,"[{""type"": ""ownership_transferred"", ""resource_kind"": ""memory"", ""resource_expr"": ""work"", ""line"": 522, ""reason"": ""resource appears in a call before the error path"", ""confidence"": ""low"", ""call"": ""xfs_ifork_is_realtime(ip, work->bi_whichfork)"", ""protocol_id"": ""memory.kmalloc.kzalloc.kcalloc.kmem_alloc.kfree""}, {""type"": ""ownership_transferred"", ""resource_kind"": ""memory"", ""resource_expr"": ""work"", ""line"": 532, ""reason"": ""resource appears in a call before the error path"", ""confidence"": ""low"", ""call"": ""xfs_iext_count_extend(tp, ip, work->bi_whichfork, iext_delta)"", ""protocol_id"": ""memory.kmalloc.kzalloc.kcalloc.kmem_alloc.kfree""}]",false,true,,,,,,0,,,,"[""E0 static rule base +10"", ""E2 API protocol support with exception hints +10"", ""P2 severity +10"", ""buffer_head or memory protocol violation with exception hints +3""]","[""repair_patch"", ""dynamic_validation"", ""upstream_confirmation""]",error
candidate_53ea5fd8b86a,fs/xfs/xfs_bmap_item.c,xfs_bmap_recover_work,540,partial_cleanup,P2,E2_API_PROTOCOL_SUPPORTED,33,,,"[""memory.kmalloc.kzalloc.kcalloc.kmem_alloc.kfree""]","[""kfree""]",true,"[{""type"": ""ownership_transferred"", ""resource_kind"": ""memory"", ""resource_expr"": ""work"", ""line"": 522, ""reason"": ""resource appears in a call before the error path"", ""confidence"": ""low"", ""call"": ""xfs_ifork_is_realtime(ip, work->bi_whichfork)"", ""protocol_id"": ""memory.kmalloc.kzalloc.kcalloc.kmem_alloc.kfree""}, {""type"": ""ownership_transferred"", ""resource_kind"": ""memory"", ""resource_expr"": ""work"", ""line"": 532, ""reason"": ""resource appears in a call before the error path"", ""confidence"": ""low"", ""call"": ""xfs_iext_count_extend(tp, ip, work->bi_whichfork, iext_delta)"", ""protocol_id"": ""memory.kmalloc.kzalloc.kcalloc.kmem_alloc.kfree""}]",false,true,,,,,,0,,,,"[""E0 static rule base +10"", ""E2 API protocol support with exception hints +10"", ""P2 severity +10"", ""buffer_head or memory protocol violation with exception hints +3""]","[""repair_patch"", ""dynamic_validation"", ""upstream_confirmation""]",error
candidate_a14ba37289b5,fs/xfs/xfs_bmap_item.c,xfs_bmap_recover_work,548,missing_cleanup,P2,E2_API_PROTOCOL_SUPPORTED,33,,,"[""memory.kmalloc.kzalloc.kcalloc.kmem_alloc.kfree"", ""xfs.transaction.alloc.cancel_or_commit""]","[""kfree"", ""xfs_trans_cancel""]",true,"[{""type"": ""ownership_transferred"", ""resource_kind"": ""memory"", ""resource_expr"": ""work"", ""line"": 522, ""reason"": ""resource appears in a call before the error path"", ""confidence"": ""low"", ""call"": ""xfs_ifork_is_realtime(ip, work->bi_whichfork)"", ""protocol_id"": ""memory.kmalloc.kzalloc.kcalloc.kmem_alloc.kfree""}, {""type"": ""ownership_transferred"", ""resource_kind"": ""memory"", ""resource_expr"": ""work"", ""line"": 532, ""reason"": ""resource appears in a call before the error path"", ""confidence"": ""low"", ""call"": ""xfs_iext_count_extend(tp, ip, work->bi_whichfork, iext_delta)"", ""protocol_id"": ""memory.kmalloc.kzalloc.kcalloc.kmem_alloc.kfree""}, {""type"": ""ownership_transferred"", ""resource_kind"": ""xfs_transaction"", ""resource_expr"": ""tp"", ""line"": 519, ""reason"": ""resource appears in a call before the error path"", ""confidence"": ""low"", ""call"": ""xfs_trans_ijoin(tp, ip, 0)"", ""protocol_id"": ""xfs.transaction.alloc.cancel_or_commit""}, {""type"": ""ownership_transferred"", ""resource_kind"": ""xfs_transaction"", ""resource_expr"": ""tp"", ""line"": 532, ""reason"": ""resource appears in a call before the error path"", ""confidence"": ""low"", ""call"": ""xfs_iext_count_extend(tp, ip, work->bi_whichfork, iext_delta)"", ""protocol_id"": ""xfs.transaction.alloc.cancel_or_commit""}, {""type"": ""ownership_transferred"", ""resource_kind"": ""xfs_transaction"", ""resource_expr"": ""tp"", ""line"": 536, ""reason"": ""resource appears in a call before the error path"", ""confidence"": ""low"", ""call"": ""xlog_recover_finish_intent(tp, dfp)"", ""protocol_id"": ""xfs.transaction.alloc.cancel_or_commit""}, {""type"": ""ownership_transferred"", ""resource_kind"": ""xfs_transaction"", ""resource_expr"": ""tp"", ""line"": 547, ""reason"": ""resource appears in a call before the error path"", ""confidence"": ""low"", ""call"": ""xfs_defer_ops_capture_and_commit(tp, capture_list)"", ""protocol_id"": ""xfs.transaction.alloc.cancel_or_commit""}]",false,true,,,,,,0,,,,"[""E0 static rule base +10"", ""E2 API protocol support with exception hints +10"", ""P2 severity +10"", ""buffer_head or memory protocol violation with exception hints +3""]","[""repair_patch"", ""dynamic_validation"", ""upstream_confirmation""]",error
candidate_d525fb5e520b,fs/xfs/xfs_bmap_item.c,xfs_bmap_recover_work,548,partial_cleanup,P2,E2_API_PROTOCOL_SUPPORTED,33,,,"[""memory.kmalloc.kzalloc.kcalloc.kmem_alloc.kfree"", ""xfs.transaction.alloc.cancel_or_commit""]","[""kfree"", ""xfs_trans_cancel""]",true,"[{""type"": ""ownership_transferred"", ""resource_kind"": ""memory"", ""resource_expr"": ""work"", ""line"": 522, ""reason"": ""resource appears in a call before the error path"", ""confidence"": ""low"", ""call"": ""xfs_ifork_is_realtime(ip, work->bi_whichfork)"", ""protocol_id"": ""memory.kmalloc.kzalloc.kcalloc.kmem_alloc.kfree""}, {""type"": ""ownership_transferred"", ""resource_kind"": ""memory"", ""resource_expr"": ""work"", ""line"": 532, ""reason"": ""resource appears in a call before the error path"", ""confidence"": ""low"", ""call"": ""xfs_iext_count_extend(tp, ip, work->bi_whichfork, iext_delta)"", ""protocol_id"": ""memory.kmalloc.kzalloc.kcalloc.kmem_alloc.kfree""}, {""type"": ""ownership_transferred"", ""resource_kind"": ""xfs_transaction"", ""resource_expr"": ""tp"", ""line"": 519, ""reason"": ""resource appears in a call before the error path"", ""confidence"": ""low"", ""call"": ""xfs_trans_ijoin(tp, ip, 0)"", ""protocol_id"": ""xfs.transaction.alloc.cancel_or_commit""}, {""type"": ""ownership_transferred"", ""resource_kind"": ""xfs_transaction"", ""resource_expr"": ""tp"", ""line"": 532, ""reason"": ""resource appears in a call before the error path"", ""confidence"": ""low"", ""call"": ""xfs_iext_count_extend(tp, ip, work->bi_whichfork, iext_delta)"", ""protocol_id"": ""xfs.transaction.alloc.cancel_or_commit""}, {""type"": ""ownership_transferred"", ""resource_kind"": ""xfs_transaction"", ""resource_expr"": ""tp"", ""line"": 536, ""reason"": ""resource appears in a call before the error path"", ""confidence"": ""low"", ""call"": ""xlog_recover_finish_intent(tp, dfp)"", ""protocol_id"": ""xfs.transaction.alloc.cancel_or_commit""}, {""type"": ""ownership_transferred"", ""resource_kind"": ""xfs_transaction"", ""resource_expr"": ""tp"", ""line"": 547, ""reason"": ""resource appears in a call before the error path"", ""confidence"": ""low"", ""call"": ""xfs_defer_ops_capture_and_commit(tp, capture_list)"", ""protocol_id"": ""xfs.transaction.alloc.cancel_or_commit""}]",false,true,,,,,,0,,,,"[""E0 static rule base +10"", ""E2 API protocol support with exception hints +10"", ""P2 severity +10"", ""buffer_head or memory protocol violation with exception hints +3""]","[""repair_patch"", ""dynamic_validation"", ""upstream_confirmation""]",error
candidate_a0260d41da90,fs/xfs/xfs_dquot.c,xfs_qm_dqread,721,missing_cleanup,P2,E2_API_PROTOCOL_SUPPORTED,33,,,"[""memory.kmalloc.kzalloc.kcalloc.kmem_alloc.kfree""]","[""kfree""]",true,"[{""type"": ""ownership_transferred"", ""resource_kind"": ""memory"", ""resource_expr"": ""dqp"", ""line"": 715, ""reason"": ""resource appears in a call before the error path"", ""confidence"": ""low"", ""call"": ""trace_xfs_dqread(dqp)"", ""protocol_id"": ""memory.kmalloc.kzalloc.kcalloc.kmem_alloc.kfree""}, {""type"": ""ownership_transferred"", ""resource_kind"": ""memory"", ""resource_expr"": ""dqp"", ""line"": 718, ""reason"": ""resource appears in a call before the error path"", ""confidence"": ""low"", ""call"": ""xfs_dquot_disk_read(mp, dqp, &bp)"", ""protocol_id"": ""memory.kmalloc.kzalloc.kcalloc.kmem_alloc.kfree""}, {""type"": ""ownership_transferred"", ""resource_kind"": ""memory"", ""resource_expr"": ""dqp"", ""line"": 720, ""reason"": ""resource appears in a call before the error path"", ""confidence"": ""low"", ""call"": ""xfs_dquot_disk_alloc(dqp, &bp)"", ""protocol_id"": ""memory.kmalloc.kzalloc.kcalloc.kmem_alloc.kfree""}]",false,true,,,,,,0,,,,"[""E0 static rule base +10"", ""E2 API protocol support with exception hints +10"", ""P2 severity +10"", ""buffer_head or memory protocol violation with exception hints +3""]","[""repair_patch"", ""dynamic_validation"", ""upstream_confirmation""]",error
candidate_6370d0450892,fs/xfs/xfs_extfree_item.c,xlog_recover_efi_commit_pass2,853,missing_cleanup,P2,E2_API_PROTOCOL_SUPPORTED,33,,,"[""memory.kmalloc.kzalloc.kcalloc.kmem_alloc.kfree"", ""memory.kv.vmalloc.family.kvfree""]","[""kfree"", ""kvfree""]",true,"[{""type"": ""ownership_transferred"", ""resource_kind"": ""memory"", ""resource_expr"": ""efip"", ""line"": 852, ""reason"": ""resource appears in a call before the error path"", ""confidence"": ""low"", ""call"": ""xfs_efi_copy_format(&item->ri_buf[0], &efip->efi_format)"", ""protocol_id"": ""memory.kmalloc.kzalloc.kcalloc.kmem_alloc.kfree""}, {""type"": ""ownership_transferred"", ""resource_kind"": ""memory"", ""resource_expr"": ""efip"", ""line"": 852, ""reason"": ""resource appears in a call before the error path"", ""confidence"": ""low"", ""call"": ""xfs_efi_copy_format(&item->ri_buf[0], &efip->efi_format)"", ""protocol_id"": ""memory.kv.vmalloc.family.kvfree""}]",false,true,,,,,,0,,,,"[""E0 static rule base +10"", ""E2 API protocol support with exception hints +10"", ""P2 severity +10"", ""buffer_head or memory protocol violation with exception hints +3""]","[""repair_patch"", ""dynamic_validation"", ""upstream_confirmation""]",error
candidate_37ea43479cea,fs/xfs/xfs_extfree_item.c,xlog_recover_rtefi_commit_pass2,892,missing_cleanup,P2,E2_API_PROTOCOL_SUPPORTED,33,,,"[""memory.kmalloc.kzalloc.kcalloc.kmem_alloc.kfree"", ""memory.kv.vmalloc.family.kvfree""]","[""kfree"", ""kvfree""]",true,"[{""type"": ""ownership_transferred"", ""resource_kind"": ""memory"", ""resource_expr"": ""efip"", ""line"": 891, ""reason"": ""resource appears in a call before the error path"", ""confidence"": ""low"", ""call"": ""xfs_efi_copy_format(&item->ri_buf[0], &efip->efi_format)"", ""protocol_id"": ""memory.kmalloc.kzalloc.kcalloc.kmem_alloc.kfree""}, {""type"": ""ownership_transferred"", ""resource_kind"": ""memory"", ""resource_expr"": ""efip"", ""line"": 891, ""reason"": ""resource appears in a call before the error path"", ""confidence"": ""low"", ""call"": ""xfs_efi_copy_format(&item->ri_buf[0], &efip->efi_format)"", ""protocol_id"": ""memory.kv.vmalloc.family.kvfree""}]",false,true,,,,,,0,,,,"[""E0 static rule base +10"", ""E2 API protocol support with exception hints +10"", ""P2 severity +10"", ""buffer_head or memory protocol violation with exception hints +3""]","[""repair_patch"", ""dynamic_validation"", ""upstream_confirmation""]",error
candidate_fba6fc29f54d,fs/xfs/xfs_log.c,xfs_log_reserve,438,missing_cleanup,P2,E2_API_PROTOCOL_SUPPORTED,33,,,"[""memory.kmalloc.kzalloc.kcalloc.kmem_alloc.kfree""]","[""kfree""]",true,"[{""type"": ""ownership_transferred"", ""resource_kind"": ""memory"", ""resource_expr"": ""tic"", ""line"": 435, ""reason"": ""resource appears in a call before the error path"", ""confidence"": ""low"", ""call"": ""trace_xfs_log_reserve(log, tic)"", ""protocol_id"": ""memory.kmalloc.kzalloc.kcalloc.kmem_alloc.kfree""}]",false,true,,,,,,0,,,,"[""E0 static rule base +10"", ""E2 API protocol support with exception hints +10"", ""P2 severity +10"", ""buffer_head or memory protocol violation with exception hints +3""]","[""repair_patch"", ""dynamic_validation"", ""upstream_confirmation""]",error
candidate_976e51679262,fs/xfs/xfs_log_cil.c,xlog_cil_push_work,1523,missing_cleanup,P2,E2_API_PROTOCOL_SUPPORTED,33,,,"[""memory.kmalloc.kzalloc.kcalloc.kmem_alloc.kfree""]","[""kfree""]",true,"[{""type"": ""ownership_transferred"", ""resource_kind"": ""memory"", ""resource_expr"": ""new_ctx->ticket"", ""line"": 1515, ""reason"": ""resource passed to function that may retain ownership"", ""confidence"": ""low"", ""call"": ""xfs_log_ticket_put(new_ctx->ticket)"", ""protocol_id"": ""memory.kmalloc.kzalloc.kcalloc.kmem_alloc.kfree""}]",false,true,,,,,,0,,,,"[""E0 static rule base +10"", ""E2 API protocol support with exception hints +10"", ""P2 severity +10"", ""buffer_head or memory protocol violation with exception hints +3""]","[""repair_patch"", ""dynamic_validation"", ""upstream_confirmation""]",unknown
candidate_ac501cbe4cfb,fs/xfs/xfs_log_recover.c,xlog_recover_ophdr_to_trans,2381,missing_cleanup,P2,E2_API_PROTOCOL_SUPPORTED,33,,,"[""memory.kmalloc.kzalloc.kcalloc.kmem_alloc.kfree"", ""memory.kv.vmalloc.family.kvfree""]","[""kfree"", ""kvfree""]",true,"[{""type"": ""ownership_transferred"", ""resource_kind"": ""memory"", ""resource_expr"": ""trans"", ""line"": 2373, ""reason"": ""resource passed to function that may retain ownership"", ""confidence"": ""low"", ""call"": ""INIT_LIST_HEAD(&trans->r_itemq)"", ""protocol_id"": ""memory.kmalloc.kzalloc.kcalloc.kmem_alloc.kfree""}, {""type"": ""ownership_transferred"", ""resource_kind"": ""memory"", ""resource_expr"": ""trans"", ""line"": 2374, ""reason"": ""resource passed to function that may retain ownership"", ""confidence"": ""low"", ""call"": ""INIT_HLIST_NODE(&trans->r_list)"", ""protocol_id"": ""memory.kmalloc.kzalloc.kcalloc.kmem_alloc.kfree""}, {""type"": ""ownership_transferred"", ""resource_kind"": ""memory"", ""resource_expr"": ""trans"", ""line"": 2375, ""reason"": ""resource passed to function that may retain ownership"", ""confidence"": ""low"", ""call"": ""hlist_add_head(&trans->r_list, rhp)"", ""protocol_id"": ""memory.kmalloc.kzalloc.kcalloc.kmem_alloc.kfree""}, {""type"": ""ownership_transferred"", ""resource_kind"": ""memory"", ""resource_expr"": ""trans"", ""line"": 2373, ""reason"": ""resource passed to function that may retain ownership"", ""confidence"": ""low"", ""call"": ""INIT_LIST_HEAD(&trans->r_itemq)"", ""protocol_id"": ""memory.kv.vmalloc.family.kvfree""}, {""type"": ""ownership_transferred"", ""resource_kind"": ""memory"", ""resource_expr"": ""trans"", ""line"": 2374, ""reason"": ""resource passed to function that may retain ownership"", ""confidence"": ""low"", ""call"": ""INIT_HLIST_NODE(&trans->r_list)"", ""protocol_id"": ""memory.kv.vmalloc.family.kvfree""}, {""type"": ""ownership_transferred"", ""resource_kind"": ""memory"", ""resource_expr"": ""trans"", ""line"": 2375, ""reason"": ""resource passed to function that may retain ownership"", ""confidence"": ""low"", ""call"": ""hlist_add_head(&trans->r_list, rhp)"", ""protocol_id"": ""memory.kv.vmalloc.family.kvfree""}]",false,true,,,,,,0,,,,"[""E0 static rule base +10"", ""E2 API protocol support with exception hints +10"", ""P2 severity +10"", ""buffer_head or memory protocol violation with exception hints +3""]","[""repair_patch"", ""dynamic_validation"", ""upstream_confirmation""]",NULL
candidate_88e4b7a826ac,fs/xfs/xfs_reflink.c,xfs_reflink_set_inode_flag,1121,partial_cleanup,P2,E2_API_PROTOCOL_SUPPORTED,30,,,"[""xfs.inode.ilock.iunlock""]","[""xfs_iunlock""]",true,"[{""type"": ""ownership_transferred"", ""resource_kind"": ""xfs_inode_lock"", ""resource_expr"": ""src"", ""line"": 1108, ""reason"": ""resource appears in a call before the error path"", ""confidence"": ""low"", ""call"": ""xfs_ilock(src, XFS_ILOCK_EXCL)"", ""protocol_id"": ""xfs.inode.ilock.iunlock""}, {""type"": ""ownership_transferred"", ""resource_kind"": ""xfs_inode_lock"", ""resource_expr"": ""src"", ""line"": 1110, ""reason"": ""resource appears in a call before the error path"", ""confidence"": ""low"", ""call"": ""xfs_lock_two_inodes(src, XFS_ILOCK_EXCL, dest, XFS_ILOCK_EXCL)"", ""protocol_id"": ""xfs.inode.ilock.iunlock""}, {""type"": ""ownership_transferred"", ""resource_kind"": ""xfs_inode_lock"", ""resource_expr"": ""src"", ""line"": 1112, ""reason"": ""resource passed to function that may retain ownership"", ""confidence"": ""low"", ""call"": ""xfs_is_reflink_inode(src)"", ""protocol_id"": ""xfs.inode.ilock.iunlock""}, {""type"": ""ownership_transferred"", ""resource_kind"": ""xfs_inode_lock"", ""resource_expr"": ""src"", ""line"": 1113, ""reason"": ""resource passed to function that may retain ownership"", ""confidence"": ""low"", ""call"": ""trace_xfs_reflink_set_inode_flag(src)"", ""protocol_id"": ""xfs.inode.ilock.iunlock""}, {""type"": ""ownership_transferred"", ""resource_kind"": ""xfs_inode_lock"", ""resource_expr"": ""src"", ""line"": 1114, ""reason"": ""resource appears in a call before the error path"", ""confidence"": ""low"", ""call"": ""xfs_trans_ijoin(tp, src, XFS_ILOCK_EXCL)"", ""protocol_id"": ""xfs.inode.ilock.iunlock""}, {""type"": ""ownership_transferred"", ""resource_kind"": ""xfs_inode_lock"", ""resource_expr"": ""src"", ""line"": 1116, ""reason"": ""resource appears in a call before the error path"", ""confidence"": ""low"", ""call"": ""xfs_trans_log_inode(tp, src, XFS_ILOG_CORE)"", ""protocol_id"": ""xfs.inode.ilock.iunlock""}, {""type"": ""ownership_transferred"", ""resource_kind"": ""xfs_inode_lock"", ""resource_expr"": ""src"", ""line"": 1117, ""reason"": ""resource passed to function that may retain ownership"", ""confidence"": ""low"", ""call"": ""xfs_ifork_init_cow(src)"", ""protocol_id"": ""xfs.inode.ilock.iunlock""}]",false,true,,,,,,0,,,,"[""E0 static rule base +10"", ""E2 API protocol support with exception hints +10"", ""P2 severity +10""]","[""repair_patch"", ""dynamic_validation"", ""upstream_confirmation""]",error
candidate_7e58162548d9,fs/xfs/xfs_attr_inactive.c,xfs_attr3_node_inactive,230,missing_cleanup,P3,E2_API_PROTOCOL_SUPPORTED,20,,,"[""xfs.transaction.buffer.get_read.brelse""]","[""xfs_trans_brelse""]",true,"[{""type"": ""ownership_transferred"", ""resource_kind"": ""xfs_trans_buf"", ""resource_expr"": ""child_bp"", ""line"": 218, ""reason"": ""resource appears in a call before the error path"", ""confidence"": ""low"", ""call"": ""xfs_trans_binval(*trans, child_bp)"", ""protocol_id"": ""xfs.transaction.buffer.get_read.brelse""}]",false,true,,,,,,0,,,,"[""E0 static rule base +10"", ""E2 API protocol support with exception hints +10""]","[""repair_patch"", ""dynamic_validation"", ""upstream_confirmation""]",error
candidate_1b25171ec77d,fs/xfs/xfs_attr_inactive.c,xfs_attr3_node_inactive,242,missing_cleanup,P3,E2_API_PROTOCOL_SUPPORTED,20,,,"[""xfs.transaction.buffer.get_read.brelse""]","[""xfs_trans_brelse""]",true,"[{""type"": ""ownership_transferred"", ""resource_kind"": ""xfs_trans_buf"", ""resource_expr"": ""child_bp"", ""line"": 218, ""reason"": ""resource appears in a call before the error path"", ""confidence"": ""low"", ""call"": ""xfs_trans_binval(*trans, child_bp)"", ""protocol_id"": ""xfs.transaction.buffer.get_read.brelse""}]",false,true,,,,,,0,,,,"[""E0 static rule base +10"", ""E2 API protocol support with exception hints +10""]","[""repair_patch"", ""dynamic_validation"", ""upstream_confirmation""]",error
candidate_425ea3f38cec,fs/xfs/xfs_bmap_item.c,xfs_bmap_recover_work,508,missing_cleanup,P3,E2_API_PROTOCOL_SUPPORTED,20,,,"[""xfs.inode.iget.irele""]","[""xfs_irele""]",true,"[{""type"": ""ownership_transferred"", ""resource_kind"": ""xfs_inode_ref"", ""resource_expr"": ""ip"", ""line"": 507, ""reason"": ""resource appears in a call before the error path"", ""confidence"": ""low"", ""call"": ""xfs_bui_recover_work(mp, dfp, &ip, map)"", ""protocol_id"": ""xfs.inode.iget.irele""}]",false,true,,,,,,0,,,,"[""E0 static rule base +10"", ""E2 API protocol support with exception hints +10""]","[""repair_patch"", ""dynamic_validation"", ""upstream_confirmation""]",PTR_ERR(work)
candidate_62043021d558,fs/xfs/xfs_bmap_item.c,xfs_bui_recover_work,457,missing_cleanup,P3,E2_API_PROTOCOL_SUPPORTED,20,,,"[""xfs.inode.iget.irele""]","[""xfs_irele""]",true,"[{""type"": ""ownership_transferred"", ""resource_kind"": ""xfs_inode_ref"", ""resource_expr"": ""ipp"", ""line"": 456, ""reason"": ""resource appears in a call before the error path"", ""confidence"": ""low"", ""call"": ""xlog_recover_iget(mp, map->me_owner, ipp)"", ""protocol_id"": ""xfs.inode.iget.irele""}]",false,true,,,,,,0,,,,"[""E0 static rule base +10"", ""E2 API protocol support with exception hints +10""]","[""repair_patch"", ""dynamic_validation"", ""upstream_confirmation""]",ERR_PTR(error)
candidate_d16656943f87,fs/xfs/xfs_export.c,xfs_fs_get_parent,227,missing_cleanup,P3,E2_API_PROTOCOL_SUPPORTED,20,,,"[""xfs.inode.iget.irele""]","[""xfs_irele""]",true,"[{""type"": ""ownership_transferred"", ""resource_kind"": ""xfs_inode_ref"", ""resource_expr"": ""cip"", ""line"": 226, ""reason"": ""resource appears in a call before the error path"", ""confidence"": ""low"", ""call"": ""xfs_lookup(XFS_I(d_inode(child)), &xfs_name_dotdot, &cip, NULL)"", ""protocol_id"": ""xfs.inode.iget.irele""}]",false,true,,,,,,0,,,,"[""E0 static rule base +10"", ""E2 API protocol support with exception hints +10""]","[""repair_patch"", ""dynamic_validation"", ""upstream_confirmation""]",ERR_PTR(error)
candidate_5dd8f2d66569,fs/xfs/xfs_icache.c,xfs_trans_metafile_iget,853,missing_cleanup,P3,E2_API_PROTOCOL_SUPPORTED,20,,,"[""xfs.inode.iget.irele""]","[""xfs_irele""]",true,"[{""type"": ""ownership_transferred"", ""resource_kind"": ""xfs_inode_ref"", ""resource_expr"": ""ip"", ""line"": 852, ""reason"": ""resource appears in a call before the error path"", ""confidence"": ""low"", ""call"": ""xfs_iget(mp, tp, ino, 0, 0, &ip)"", ""protocol_id"": ""xfs.inode.iget.irele""}]",false,true,,,,,,0,,,,"[""E0 static rule base +10"", ""E2 API protocol support with exception hints +10""]","[""repair_patch"", ""dynamic_validation"", ""upstream_confirmation""]",-EFSCORRUPTED
candidate_e5190bcb0358,fs/xfs/xfs_iops.c,xfs_vn_ci_lookup,353,missing_cleanup,P3,E2_API_PROTOCOL_SUPPORTED,20,,,"[""xfs.inode.iget.irele""]","[""xfs_irele""]",true,"[{""type"": ""ownership_transferred"", ""resource_kind"": ""xfs_inode_ref"", ""resource_expr"": ""ip"", ""line"": 352, ""reason"": ""resource appears in a call before the error path"", ""confidence"": ""low"", ""call"": ""xfs_lookup(XFS_I(dir), &xname, &ip, &ci_name)"", ""protocol_id"": ""xfs.inode.iget.irele""}]",false,true,,,,,,0,,,,"[""E0 static rule base +10"", ""E2 API protocol support with exception hints +10""]","[""repair_patch"", ""dynamic_validation"", ""upstream_confirmation""]",NULL
candidate_f0e2e924abda,fs/xfs/xfs_iops.c,xfs_vn_ci_lookup,354,missing_cleanup,P3,E2_API_PROTOCOL_SUPPORTED,20,,,"[""xfs.inode.iget.irele""]","[""xfs_irele""]",true,"[{""type"": ""ownership_transferred"", ""resource_kind"": ""xfs_inode_ref"", ""resource_expr"": ""ip"", ""line"": 352, ""reason"": ""resource appears in a call before the error path"", ""confidence"": ""low"", ""call"": ""xfs_lookup(XFS_I(dir), &xname, &ip, &ci_name)"", ""protocol_id"": ""xfs.inode.iget.irele""}]",false,true,,,,,,0,,,,"[""E0 static rule base +10"", ""E2 API protocol support with exception hints +10""]","[""repair_patch"", ""dynamic_validation"", ""upstream_confirmation""]",ERR_PTR(error)
candidate_47da29de59ef,fs/xfs/xfs_iops.c,xfs_vn_ci_lookup,365,missing_cleanup,P3,E2_API_PROTOCOL_SUPPORTED,20,,,"[""xfs.inode.iget.irele""]","[""xfs_irele""]",true,"[{""type"": ""ownership_transferred"", ""resource_kind"": ""xfs_inode_ref"", ""resource_expr"": ""ip"", ""line"": 352, ""reason"": ""resource appears in a call before the error path"", ""confidence"": ""low"", ""call"": ""xfs_lookup(XFS_I(dir), &xname, &ip, &ci_name)"", ""protocol_id"": ""xfs.inode.iget.irele""}]",false,true,,,,,,0,,,,"[""E0 static rule base +10"", ""E2 API protocol support with exception hints +10""]","[""repair_patch"", ""dynamic_validation"", ""upstream_confirmation""]","d_splice_alias(VFS_I(ip), dentry)"
candidate_03e83a1560cd,fs/xfs/xfs_log_recover.c,xlog_recover_iget_handle,1785,missing_cleanup,P3,E2_API_PROTOCOL_SUPPORTED,20,,,"[""xfs.inode.iget.irele""]","[""xfs_irele""]",true,"[{""type"": ""ownership_transferred"", ""resource_kind"": ""xfs_inode_ref"", ""resource_expr"": ""ip"", ""line"": 1784, ""reason"": ""resource appears in a call before the error path"", ""confidence"": ""low"", ""call"": ""xlog_recover_iget(mp, ino, &ip)"", ""protocol_id"": ""xfs.inode.iget.irele""}]",false,true,,,,,,0,,,,"[""E0 static rule base +10"", ""E2 API protocol support with exception hints +10""]","[""repair_patch"", ""dynamic_validation"", ""upstream_confirmation""]",error
candidate_f113d3e4992d,fs/xfs/xfs_qm.c,xfs_qm_quotacheck_dqadjust,1344,missing_cleanup,P3,E2_API_PROTOCOL_SUPPORTED,20,,,"[""xfs.dquot.dqget.dqrele""]","[""xfs_qm_dqrele""]",true,"[{""type"": ""ownership_transferred"", ""resource_kind"": ""xfs_dquot_ref"", ""resource_expr"": ""dqp"", ""line"": 1333, ""reason"": ""resource appears in a call before the error path"", ""confidence"": ""low"", ""call"": ""xfs_qm_dqget(mp, id, type, true, &dqp)"", ""protocol_id"": ""xfs.dquot.dqget.dqrele""}, {""type"": ""ownership_transferred"", ""resource_kind"": ""xfs_dquot_ref"", ""resource_expr"": ""dqp"", ""line"": 1343, ""reason"": ""resource passed to function that may retain ownership"", ""confidence"": ""low"", ""call"": ""xfs_dquot_attach_buf(NULL, dqp)"", ""protocol_id"": ""xfs.dquot.dqget.dqrele""}]",false,true,,,,,,0,,,,"[""E0 static rule base +10"", ""E2 API protocol support with exception hints +10""]","[""repair_patch"", ""dynamic_validation"", ""upstream_confirmation""]",error
candidate_c0351a44e4b7,fs/xfs/xfs_reflink.c,xfs_reflink_set_inode_flag,1121,missing_cleanup,P3,E2_API_PROTOCOL_SUPPORTED,20,,,"[""xfs.inode.ilock.iunlock""]","[""xfs_iunlock""]",true,"[{""type"": ""ownership_transferred"", ""resource_kind"": ""xfs_inode_lock"", ""resource_expr"": ""src"", ""line"": 1108, ""reason"": ""resource appears in a call before the error path"", ""confidence"": ""low"", ""call"": ""xfs_ilock(src, XFS_ILOCK_EXCL)"", ""protocol_id"": ""xfs.inode.ilock.iunlock""}, {""type"": ""ownership_transferred"", ""resource_kind"": ""xfs_inode_lock"", ""resource_expr"": ""src"", ""line"": 1110, ""reason"": ""resource appears in a call before the error path"", ""confidence"": ""low"", ""call"": ""xfs_lock_two_inodes(src, XFS_ILOCK_EXCL, dest, XFS_ILOCK_EXCL)"", ""protocol_id"": ""xfs.inode.ilock.iunlock""}, {""type"": ""ownership_transferred"", ""resource_kind"": ""xfs_inode_lock"", ""resource_expr"": ""src"", ""line"": 1112, ""reason"": ""resource passed to function that may retain ownership"", ""confidence"": ""low"", ""call"": ""xfs_is_reflink_inode(src)"", ""protocol_id"": ""xfs.inode.ilock.iunlock""}, {""type"": ""ownership_transferred"", ""resource_kind"": ""xfs_inode_lock"", ""resource_expr"": ""src"", ""line"": 1113, ""reason"": ""resource passed to function that may retain ownership"", ""confidence"": ""low"", ""call"": ""trace_xfs_reflink_set_inode_flag(src)"", ""protocol_id"": ""xfs.inode.ilock.iunlock""}, {""type"": ""ownership_transferred"", ""resource_kind"": ""xfs_inode_lock"", ""resource_expr"": ""src"", ""line"": 1114, ""reason"": ""resource appears in a call before the error path"", ""confidence"": ""low"", ""call"": ""xfs_trans_ijoin(tp, src, XFS_ILOCK_EXCL)"", ""protocol_id"": ""xfs.inode.ilock.iunlock""}, {""type"": ""ownership_transferred"", ""resource_kind"": ""xfs_inode_lock"", ""resource_expr"": ""src"", ""line"": 1116, ""reason"": ""resource appears in a call before the error path"", ""confidence"": ""low"", ""call"": ""xfs_trans_log_inode(tp, src, XFS_ILOG_CORE)"", ""protocol_id"": ""xfs.inode.ilock.iunlock""}, {""type"": ""ownership_transferred"", ""resource_kind"": ""xfs_inode_lock"", ""resource_expr"": ""src"", ""line"": 1117, ""reason"": ""resource passed to function that may retain ownership"", ""confidence"": ""low"", ""call"": ""xfs_ifork_init_cow(src)"", ""protocol_id"": ""xfs.inode.ilock.iunlock""}]",false,true,,,,,,0,,,,"[""E0 static rule base +10"", ""E2 API protocol support with exception hints +10""]","[""repair_patch"", ""dynamic_validation"", ""upstream_confirmation""]",error
candidate_baac27f314de,fs/xfs/xfs_reflink.c,xfs_reflink_set_inode_flag,1135,missing_cleanup,P3,E2_API_PROTOCOL_SUPPORTED,20,,,"[""xfs.inode.ilock.iunlock""]","[""xfs_iunlock""]",true,"[{""type"": ""ownership_transferred"", ""resource_kind"": ""xfs_inode_lock"", ""resource_expr"": ""src"", ""line"": 1108, ""reason"": ""resource appears in a call before the error path"", ""confidence"": ""low"", ""call"": ""xfs_ilock(src, XFS_ILOCK_EXCL)"", ""protocol_id"": ""xfs.inode.ilock.iunlock""}, {""type"": ""ownership_transferred"", ""resource_kind"": ""xfs_inode_lock"", ""resource_expr"": ""src"", ""line"": 1110, ""reason"": ""resource appears in a call before the error path"", ""confidence"": ""low"", ""call"": ""xfs_lock_two_inodes(src, XFS_ILOCK_EXCL, dest, XFS_ILOCK_EXCL)"", ""protocol_id"": ""xfs.inode.ilock.iunlock""}, {""type"": ""ownership_transferred"", ""resource_kind"": ""xfs_inode_lock"", ""resource_expr"": ""src"", ""line"": 1112, ""reason"": ""resource passed to function that may retain ownership"", ""confidence"": ""low"", ""call"": ""xfs_is_reflink_inode(src)"", ""protocol_id"": ""xfs.inode.ilock.iunlock""}, {""type"": ""ownership_transferred"", ""resource_kind"": ""xfs_inode_lock"", ""resource_expr"": ""src"", ""line"": 1113, ""reason"": ""resource passed to function that may retain ownership"", ""confidence"": ""low"", ""call"": ""trace_xfs_reflink_set_inode_flag(src)"", ""protocol_id"": ""xfs.inode.ilock.iunlock""}, {""type"": ""ownership_transferred"", ""resource_kind"": ""xfs_inode_lock"", ""resource_expr"": ""src"", ""line"": 1114, ""reason"": ""resource appears in a call before the error path"", ""confidence"": ""low"", ""call"": ""xfs_trans_ijoin(tp, src, XFS_ILOCK_EXCL)"", ""protocol_id"": ""xfs.inode.ilock.iunlock""}, {""type"": ""ownership_transferred"", ""resource_kind"": ""xfs_inode_lock"", ""resource_expr"": ""src"", ""line"": 1116, ""reason"": ""resource appears in a call before the error path"", ""confidence"": ""low"", ""call"": ""xfs_trans_log_inode(tp, src, XFS_ILOG_CORE)"", ""protocol_id"": ""xfs.inode.ilock.iunlock""}, {""type"": ""ownership_transferred"", ""resource_kind"": ""xfs_inode_lock"", ""resource_expr"": ""src"", ""line"": 1117, ""reason"": ""resource passed to function that may retain ownership"", ""confidence"": ""low"", ""call"": ""xfs_ifork_init_cow(src)"", ""protocol_id"": ""xfs.inode.ilock.iunlock""}]",false,true,,,,,,0,,,,"[""E0 static rule base +10"", ""E2 API protocol support with exception hints +10""]","[""repair_patch"", ""dynamic_validation"", ""upstream_confirmation""]",error
